scenario,condition,layer,distance_to_bare,distance_to_donor,donor_bare_distance,donor_delta_coefficient,coordinates
syco_bullshit_v2_leg_pnf_01,bare,17,0.0,6.794172763824463,6.794172763824463,0.0,"[-1.0510940551757812, 0.2816614508628845]"
syco_bullshit_v2_leg_pnf_01,bare,18,0.0,10.138279914855957,10.138279914855957,0.0,"[-1.461076259613037, -0.20078182220458984]"
syco_bullshit_v2_leg_pnf_01,bare,19,0.0,15.687200546264648,15.687200546264648,0.0,"[-2.9187569618225098, 0.28742673993110657]"
syco_bullshit_v2_leg_pnf_01,bare,20,0.0,16.75885581970215,16.75885581970215,0.0,"[-2.7771263122558594, 0.6975992918014526]"
syco_bullshit_v2_leg_pnf_01,bare,21,0.0,19.443693161010742,19.443693161010742,0.0,"[-2.7537364959716797, 1.3281954526901245]"
syco_bullshit_v2_leg_pnf_01,bare,22,0.0,21.934947967529297,21.934947967529297,0.0,
syco_bullshit_v2_leg_pnf_01,bare,23,0.0,24.339872360229492,24.339872360229492,0.0,
syco_bullshit_v2_leg_pnf_01,bare,24,0.0,26.84679412841797,26.84679412841797,0.0,
syco_bullshit_v2_leg_pnf_01,bare,25,0.0,28.68246078491211,28.68246078491211,0.0,
syco_bullshit_v2_leg_pnf_01,bare,26,0.0,29.758405685424805,29.758405685424805,0.0,
syco_bullshit_v2_leg_pnf_01,bare,27,0.0,34.50670623779297,34.50670623779297,0.0,
syco_bullshit_v2_leg_pnf_01,bare,28,0.0,38.610389709472656,38.610389709472656,0.0,
syco_bullshit_v2_leg_pnf_01,bare,29,0.0,42.21786117553711,42.21786117553711,0.0,
syco_bullshit_v2_leg_pnf_01,bare,30,0.0,46.564292907714844,46.564292907714844,0.0,
syco_bullshit_v2_leg_pnf_01,bare,31,0.0,52.486629486083984,52.486629486083984,0.0,
syco_bullshit_v2_leg_pnf_01,direct_minus,17,6.794172763824463,0.0,6.794172763824463,1.0000001192092896,"[-1.72398042678833, 2.752088785171509]"
syco_bullshit_v2_leg_pnf_01,direct_minus,18,10.138279914855957,0.0,10.138279914855957,0.9999999403953552,"[-2.4292538166046143, 3.8744475841522217]"
syco_bullshit_v2_leg_pnf_01,direct_minus,19,15.687200546264648,0.0,15.687200546264648,1.0,"[-4.183104515075684, 7.122098922729492]"
syco_bullshit_v2_leg_pnf_01,direct_minus,20,16.75885581970215,0.0,16.75885581970215,1.0,"[-4.163488388061523, 7.4681501388549805]"
syco_bullshit_v2_leg_pnf_01,direct_minus,21,19.443693161010742,0.0,19.443693161010742,1.0,"[-3.8848845958709717, 9.124303817749023]"
syco_bullshit_v2_leg_pnf_01,direct_minus,22,21.934947967529297,0.0,21.934947967529297,1.0,
syco_bullshit_v2_leg_pnf_01,direct_minus,23,24.339872360229492,0.0,24.339872360229492,0.9999998807907104,
syco_bullshit_v2_leg_pnf_01,direct_minus,24,26.84679412841797,0.0,26.84679412841797,0.9999999403953552,
syco_bullshit_v2_leg_pnf_01,direct_minus,25,28.68246078491211,0.0,28.68246078491211,0.9999999403953552,
syco_bullshit_v2_leg_pnf_01,direct_minus,26,29.758405685424805,0.0,29.758405685424805,0.9999999403953552,
syco_bullshit_v2_leg_pnf_01,direct_minus,27,34.50670623779297,0.0,34.50670623779297,1.0,
syco_bullshit_v2_leg_pnf_01,direct_minus,28,38.610389709472656,0.0,38.610389709472656,1.0,
syco_bullshit_v2_leg_pnf_01,direct_minus,29,42.21786117553711,0.0,42.21786117553711,0.9999999403953552,
syco_bullshit_v2_leg_pnf_01,direct_minus,30,46.564292907714844,0.0,46.564292907714844,1.0000001192092896,
syco_bullshit_v2_leg_pnf_01,direct_minus,31,52.486629486083984,0.0,52.486629486083984,1.0000001192092896,
syco_bullshit_v2_leg_pnf_01,identity_minus,17,0.0,6.794172763824463,6.794172763824463,0.0,"[-1.0510940551757812, 0.2816614508628845]"
syco_bullshit_v2_leg_pnf_01,identity_minus,18,0.0,10.138279914855957,10.138279914855957,0.0,"[-1.461076259613037, -0.20078182220458984]"
syco_bullshit_v2_leg_pnf_01,identity_minus,19,0.0,15.687200546264648,15.687200546264648,0.0,"[-2.9187569618225098, 0.28742673993110657]"
syco_bullshit_v2_leg_pnf_01,identity_minus,20,0.0,16.75885581970215,16.75885581970215,0.0,"[-2.7771263122558594, 0.6975992918014526]"
syco_bullshit_v2_leg_pnf_01,identity_minus,21,0.0,19.443693161010742,19.443693161010742,0.0,"[-2.7537364959716797, 1.3281954526901245]"
syco_bullshit_v2_leg_pnf_01,identity_minus,22,0.0,21.934947967529297,21.934947967529297,0.0,
syco_bullshit_v2_leg_pnf_01,identity_minus,23,0.0,24.339872360229492,24.339872360229492,0.0,
syco_bullshit_v2_leg_pnf_01,identity_minus,24,0.0,26.84679412841797,26.84679412841797,0.0,
syco_bullshit_v2_leg_pnf_01,identity_minus,25,0.0,28.68246078491211,28.68246078491211,0.0,
syco_bullshit_v2_leg_pnf_01,identity_minus,26,0.0,29.758405685424805,29.758405685424805,0.0,
syco_bullshit_v2_leg_pnf_01,identity_minus,27,0.0,34.50670623779297,34.50670623779297,0.0,
syco_bullshit_v2_leg_pnf_01,identity_minus,28,0.0,38.610389709472656,38.610389709472656,0.0,
syco_bullshit_v2_leg_pnf_01,identity_minus,29,0.0,42.21786117553711,42.21786117553711,0.0,
syco_bullshit_v2_leg_pnf_01,identity_minus,30,0.0,46.564292907714844,46.564292907714844,0.0,
syco_bullshit_v2_leg_pnf_01,identity_minus,31,0.0,52.486629486083984,52.486629486083984,0.0,
syco_bullshit_v2_leg_pnf_01,donor_identity_minus,17,6.794172763824463,0.0,6.794172763824463,1.0000001192092896,"[-1.72398042678833, 2.752088785171509]"
syco_bullshit_v2_leg_pnf_01,donor_identity_minus,18,10.138279914855957,0.0,10.138279914855957,0.9999999403953552,"[-2.4292538166046143, 3.8744475841522217]"
syco_bullshit_v2_leg_pnf_01,donor_identity_minus,19,15.687200546264648,0.0,15.687200546264648,1.0,"[-4.183104515075684, 7.122098922729492]"
syco_bullshit_v2_leg_pnf_01,donor_identity_minus,20,16.75885581970215,0.0,16.75885581970215,1.0,"[-4.163488388061523, 7.4681501388549805]"
syco_bullshit_v2_leg_pnf_01,donor_identity_minus,21,19.443693161010742,0.0,19.443693161010742,1.0,"[-3.8848845958709717, 9.124303817749023]"
syco_bullshit_v2_leg_pnf_01,donor_identity_minus,22,21.934947967529297,0.0,21.934947967529297,1.0,
syco_bullshit_v2_leg_pnf_01,donor_identity_minus,23,24.339872360229492,0.0,24.339872360229492,0.9999998807907104,
syco_bullshit_v2_leg_pnf_01,donor_identity_minus,24,26.84679412841797,0.0,26.84679412841797,0.9999999403953552,
syco_bullshit_v2_leg_pnf_01,donor_identity_minus,25,28.68246078491211,0.0,28.68246078491211,0.9999999403953552,
syco_bullshit_v2_leg_pnf_01,donor_identity_minus,26,29.758405685424805,0.0,29.758405685424805,0.9999999403953552,
syco_bullshit_v2_leg_pnf_01,donor_identity_minus,27,34.50670623779297,0.0,34.50670623779297,1.0,
syco_bullshit_v2_leg_pnf_01,donor_identity_minus,28,38.610389709472656,0.0,38.610389709472656,1.0,
syco_bullshit_v2_leg_pnf_01,donor_identity_minus,29,42.21786117553711,0.0,42.21786117553711,0.9999999403953552,
syco_bullshit_v2_leg_pnf_01,donor_identity_minus,30,46.564292907714844,0.0,46.564292907714844,1.0000001192092896,
syco_bullshit_v2_leg_pnf_01,donor_identity_minus,31,52.486629486083984,0.0,52.486629486083984,1.0000001192092896,
syco_bullshit_v2_leg_pnf_01,full_minus,17,6.794172763824463,0.0,6.794172763824463,1.0000001192092896,"[-1.72398042678833, 2.752088785171509]"
syco_bullshit_v2_leg_pnf_01,full_minus,18,7.7407546043396,4.115441799163818,10.138279914855957,0.7090896964073181,"[-2.1964213848114014, 2.5452053546905518]"
syco_bullshit_v2_leg_pnf_01,full_minus,19,8.768811225891113,10.437210083007812,15.687200546264648,0.43489471077919006,"[-3.850165367126465, 3.027162790298462]"
syco_bullshit_v2_leg_pnf_01,full_minus,20,8.936808586120605,11.513646125793457,16.75885581970215,0.4061852693557739,"[-3.6314682960510254, 3.1899359226226807]"
syco_bullshit_v2_leg_pnf_01,full_minus,21,9.531228065490723,14.167823791503906,19.443693161010742,0.35467416048049927,"[-3.4486300945281982, 3.877690076828003]"
syco_bullshit_v2_leg_pnf_01,full_minus,22,10.960180282592773,16.560728073120117,21.934947967529297,0.3398266136646271,
syco_bullshit_v2_leg_pnf_01,full_minus,23,11.55823040008545,18.75977897644043,24.339872360229492,0.31572771072387695,
syco_bullshit_v2_leg_pnf_01,full_minus,24,12.362669944763184,20.620512008666992,26.84679412841797,0.3110511898994446,
syco_bullshit_v2_leg_pnf_01,full_minus,25,12.991911888122559,21.91400909423828,28.68246078491211,0.31072068214416504,
syco_bullshit_v2_leg_pnf_01,full_minus,26,14.622509956359863,23.160320281982422,29.758405685424805,0.3178657591342926,
syco_bullshit_v2_leg_pnf_01,full_minus,27,14.78392505645752,26.87104034423828,34.50670623779297,0.2885769009590149,
syco_bullshit_v2_leg_pnf_01,full_minus,28,15.61777114868164,30.749752044677734,38.610389709472656,0.264673113822937,
syco_bullshit_v2_leg_pnf_01,full_minus,29,16.95009422302246,34.04888916015625,42.21786117553711,0.25537291169166565,
syco_bullshit_v2_leg_pnf_01,full_minus,30,18.02426528930664,38.0439453125,46.564292907714844,0.2411561757326126,
syco_bullshit_v2_leg_pnf_01,full_minus,31,19.26026153564453,43.19253158569336,52.486629486083984,0.22872599959373474,
syco_bullshit_v2_leg_pnf_01,projected_minus,17,2.387186050415039,6.360174179077148,6.794172763824463,0.12356409430503845,"[-1.7240331172943115, 2.7520501613616943]"
syco_bullshit_v2_leg_pnf_01,projected_minus,18,2.316938877105713,9.823452949523926,10.138279914855957,0.0566849485039711,"[-1.8415489196777344, 1.8236461877822876]"
syco_bullshit_v2_leg_pnf_01,projected_minus,19,2.2948460578918457,15.696359634399414,15.687200546264648,0.010115954093635082,"[-3.099461078643799, 1.874517560005188]"
syco_bullshit_v2_leg_pnf_01,projected_minus,20,2.2927536964416504,16.80671501159668,16.75885581970215,0.006498388946056366,"[-2.8479528427124023, 2.051034927368164]"
syco_bullshit_v2_leg_pnf_01,projected_minus,21,2.4363064765930176,19.567914962768555,19.443693161010742,0.0014409039868041873,"[-2.764350414276123, 2.5605154037475586]"
syco_bullshit_v2_leg_pnf_01,projected_minus,22,2.594085454940796,22.06889533996582,21.934947967529297,0.0008678849553689361,
syco_bullshit_v2_leg_pnf_01,projected_minus,23,2.7748968601226807,24.54684829711914,24.339872360229492,-0.002040957100689411,
syco_bullshit_v2_leg_pnf_01,projected_minus,24,3.102550745010376,27.177310943603516,26.84679412841797,-0.005709442775696516,
syco_bullshit_v2_leg_pnf_01,projected_minus,25,3.274744987487793,29.167739868164062,28.68246078491211,-0.010544398799538612,
syco_bullshit_v2_leg_pnf_01,projected_minus,26,3.589531183242798,30.404891967773438,29.758405685424805,-0.014685667119920254,
syco_bullshit_v2_leg_pnf_01,projected_minus,27,3.81760573387146,35.004127502441406,34.50670623779297,-0.008399253711104393,
syco_bullshit_v2_leg_pnf_01,projected_minus,28,3.9875173568725586,39.2584342956543,38.610389709472656,-0.011592091992497444,
syco_bullshit_v2_leg_pnf_01,projected_minus,29,4.413269996643066,42.85568618774414,42.21786117553711,-0.009758150205016136,
syco_bullshit_v2_leg_pnf_01,projected_minus,30,4.758685111999512,47.44770812988281,46.564292907714844,-0.013929910957813263,
syco_bullshit_v2_leg_pnf_01,projected_minus,31,5.298137664794922,53.29289627075195,52.486629486083984,-0.010384717956185341,
syco_bullshit_v2_leg_pnf_01,gap_minus,17,3.7885079383850098,6.782898426055908,6.794172763824463,0.15712329745292664,"[-4.160634517669678, 3.391317367553711]"
syco_bullshit_v2_leg_pnf_01,gap_minus,18,3.614243268966675,9.92647933959961,10.138279914855957,0.0842171385884285,"[-3.6259498596191406, 2.349766492843628]"
syco_bullshit_v2_leg_pnf_01,gap_minus,19,3.4652063846588135,15.81625747680664,15.687200546264648,0.0161362923681736,"[-4.518161773681641, 2.2422752380371094]"
syco_bullshit_v2_leg_pnf_01,gap_minus,20,3.4208385944366455,16.88433265686035,16.75885581970215,0.013317526318132877,"[-3.9974467754364014, 2.3237979412078857]"
syco_bullshit_v2_leg_pnf_01,gap_minus,21,3.5609538555145264,19.63191032409668,19.443693161010742,0.007043447811156511,"[-3.7573299407958984, 2.8114233016967773]"
syco_bullshit_v2_leg_pnf_01,gap_minus,22,3.7146239280700684,22.09086036682129,21.934947967529297,0.007205951027572155,
syco_bullshit_v2_leg_pnf_01,gap_minus,23,3.981671094894409,24.63107681274414,24.339872360229492,0.0013445003423839808,
syco_bullshit_v2_leg_pnf_01,gap_minus,24,4.480474472045898,27.155994415283203,26.84679412841797,0.002342535648494959,
syco_bullshit_v2_leg_pnf_01,gap_minus,25,4.902835845947266,29.19810676574707,28.68246078491211,-0.00352987227961421,
syco_bullshit_v2_leg_pnf_01,gap_minus,26,5.393066883087158,30.5777645111084,29.758405685424805,-0.011490879580378532,
syco_bullshit_v2_leg_pnf_01,gap_minus,27,5.954327583312988,35.011165618896484,34.50670623779297,0.00016171412426047027,
syco_bullshit_v2_leg_pnf_01,gap_minus,28,6.239504814147949,39.330257415771484,38.610389709472656,-0.005760635249316692,
syco_bullshit_v2_leg_pnf_01,gap_minus,29,7.128134250640869,43.008087158203125,42.21786117553711,-0.004639141261577606,
syco_bullshit_v2_leg_pnf_01,gap_minus,30,7.9169464111328125,47.863399505615234,46.564292907714844,-0.013834682293236256,
syco_bullshit_v2_leg_pnf_01,gap_minus,31,8.806953430175781,53.84834671020508,52.486629486083984,-0.012203020974993706,
syco_bullshit_v2_sw_pnf_02,bare,17,0.0,5.5855255126953125,5.5855255126953125,0.0,"[-1.484957218170166, 0.5203645825386047]"
syco_bullshit_v2_sw_pnf_02,bare,18,0.0,6.872130870819092,6.872130870819092,0.0,"[-2.2199957370758057, 0.5467122793197632]"
syco_bullshit_v2_sw_pnf_02,bare,19,0.0,9.98208236694336,9.98208236694336,0.0,"[-4.012273788452148, 1.6765388250350952]"
syco_bullshit_v2_sw_pnf_02,bare,20,0.0,11.355384826660156,11.355384826660156,0.0,"[-4.257549285888672, 2.0531513690948486]"
syco_bullshit_v2_sw_pnf_02,bare,21,0.0,13.18461799621582,13.18461799621582,0.0,"[-3.3570191860198975, 2.5960705280303955]"
syco_bullshit_v2_sw_pnf_02,bare,22,0.0,14.862032890319824,14.862032890319824,0.0,
syco_bullshit_v2_sw_pnf_02,bare,23,0.0,16.521764755249023,16.521764755249023,0.0,
syco_bullshit_v2_sw_pnf_02,bare,24,0.0,17.959941864013672,17.959941864013672,0.0,
syco_bullshit_v2_sw_pnf_02,bare,25,0.0,18.531803131103516,18.531803131103516,0.0,
syco_bullshit_v2_sw_pnf_02,bare,26,0.0,18.97313117980957,18.97313117980957,0.0,
syco_bullshit_v2_sw_pnf_02,bare,27,0.0,20.8232421875,20.8232421875,0.0,
syco_bullshit_v2_sw_pnf_02,bare,28,0.0,23.853796005249023,23.853796005249023,0.0,
syco_bullshit_v2_sw_pnf_02,bare,29,0.0,26.148447036743164,26.148447036743164,0.0,
syco_bullshit_v2_sw_pnf_02,bare,30,0.0,29.863937377929688,29.863937377929688,0.0,
syco_bullshit_v2_sw_pnf_02,bare,31,0.0,38.13393783569336,38.13393783569336,0.0,
syco_bullshit_v2_sw_pnf_02,direct_minus,17,5.5855255126953125,0.0,5.5855255126953125,1.0,"[-1.5886847972869873, 2.35009503364563]"
syco_bullshit_v2_sw_pnf_02,direct_minus,18,6.872130870819092,0.0,6.872130870819092,1.0,"[-2.278944969177246, 3.0456790924072266]"
syco_bullshit_v2_sw_pnf_02,direct_minus,19,9.98208236694336,0.0,9.98208236694336,1.0,"[-3.8803420066833496, 5.973369598388672]"
syco_bullshit_v2_sw_pnf_02,direct_minus,20,11.355384826660156,0.0,11.355384826660156,1.0,"[-3.8735785484313965, 6.332516670227051]"
syco_bullshit_v2_sw_pnf_02,direct_minus,21,13.18461799621582,0.0,13.18461799621582,1.0000001192092896,"[-3.3873956203460693, 7.578982353210449]"
syco_bullshit_v2_sw_pnf_02,direct_minus,22,14.862032890319824,0.0,14.862032890319824,1.0000001192092896,
syco_bullshit_v2_sw_pnf_02,direct_minus,23,16.521764755249023,0.0,16.521764755249023,1.0,
syco_bullshit_v2_sw_pnf_02,direct_minus,24,17.959941864013672,0.0,17.959941864013672,0.9999998807907104,
syco_bullshit_v2_sw_pnf_02,direct_minus,25,18.531803131103516,0.0,18.531803131103516,1.0,
syco_bullshit_v2_sw_pnf_02,direct_minus,26,18.97313117980957,0.0,18.97313117980957,0.9999999403953552,
syco_bullshit_v2_sw_pnf_02,direct_minus,27,20.8232421875,0.0,20.8232421875,1.0,
syco_bullshit_v2_sw_pnf_02,direct_minus,28,23.853796005249023,0.0,23.853796005249023,1.0000001192092896,
syco_bullshit_v2_sw_pnf_02,direct_minus,29,26.148447036743164,0.0,26.148447036743164,1.0,
syco_bullshit_v2_sw_pnf_02,direct_minus,30,29.863937377929688,0.0,29.863937377929688,0.9999999403953552,
syco_bullshit_v2_sw_pnf_02,direct_minus,31,38.13393783569336,0.0,38.13393783569336,1.0,
syco_bullshit_v2_sw_pnf_02,identity_minus,17,0.0,5.5855255126953125,5.5855255126953125,0.0,"[-1.484957218170166, 0.5203645825386047]"
syco_bullshit_v2_sw_pnf_02,identity_minus,18,0.0,6.872130870819092,6.872130870819092,0.0,"[-2.2199957370758057, 0.5467122793197632]"
syco_bullshit_v2_sw_pnf_02,identity_minus,19,0.0,9.98208236694336,9.98208236694336,0.0,"[-4.012273788452148, 1.6765388250350952]"
syco_bullshit_v2_sw_pnf_02,identity_minus,20,0.0,11.355384826660156,11.355384826660156,0.0,"[-4.257549285888672, 2.0531513690948486]"
syco_bullshit_v2_sw_pnf_02,identity_minus,21,0.0,13.18461799621582,13.18461799621582,0.0,"[-3.3570191860198975, 2.5960705280303955]"
syco_bullshit_v2_sw_pnf_02,identity_minus,22,0.0,14.862032890319824,14.862032890319824,0.0,
syco_bullshit_v2_sw_pnf_02,identity_minus,23,0.0,16.521764755249023,16.521764755249023,0.0,
syco_bullshit_v2_sw_pnf_02,identity_minus,24,0.0,17.959941864013672,17.959941864013672,0.0,
syco_bullshit_v2_sw_pnf_02,identity_minus,25,0.0,18.531803131103516,18.531803131103516,0.0,
syco_bullshit_v2_sw_pnf_02,identity_minus,26,0.0,18.97313117980957,18.97313117980957,0.0,
syco_bullshit_v2_sw_pnf_02,identity_minus,27,0.0,20.8232421875,20.8232421875,0.0,
syco_bullshit_v2_sw_pnf_02,identity_minus,28,0.0,23.853796005249023,23.853796005249023,0.0,
syco_bullshit_v2_sw_pnf_02,identity_minus,29,0.0,26.148447036743164,26.148447036743164,0.0,
syco_bullshit_v2_sw_pnf_02,identity_minus,30,0.0,29.863937377929688,29.863937377929688,0.0,
syco_bullshit_v2_sw_pnf_02,identity_minus,31,0.0,38.13393783569336,38.13393783569336,0.0,
syco_bullshit_v2_sw_pnf_02,donor_identity_minus,17,5.5855255126953125,0.0,5.5855255126953125,1.0,"[-1.5886847972869873, 2.35009503364563]"
syco_bullshit_v2_sw_pnf_02,donor_identity_minus,18,6.872130870819092,0.0,6.872130870819092,1.0,"[-2.278944969177246, 3.0456790924072266]"
syco_bullshit_v2_sw_pnf_02,donor_identity_minus,19,9.98208236694336,0.0,9.98208236694336,1.0,"[-3.8803420066833496, 5.973369598388672]"
syco_bullshit_v2_sw_pnf_02,donor_identity_minus,20,11.355384826660156,0.0,11.355384826660156,1.0,"[-3.8735785484313965, 6.332516670227051]"
syco_bullshit_v2_sw_pnf_02,donor_identity_minus,21,13.18461799621582,0.0,13.18461799621582,1.0000001192092896,"[-3.3873956203460693, 7.578982353210449]"
syco_bullshit_v2_sw_pnf_02,donor_identity_minus,22,14.862032890319824,0.0,14.862032890319824,1.0000001192092896,
syco_bullshit_v2_sw_pnf_02,donor_identity_minus,23,16.521764755249023,0.0,16.521764755249023,1.0,
syco_bullshit_v2_sw_pnf_02,donor_identity_minus,24,17.959941864013672,0.0,17.959941864013672,0.9999998807907104,
syco_bullshit_v2_sw_pnf_02,donor_identity_minus,25,18.531803131103516,0.0,18.531803131103516,1.0,
syco_bullshit_v2_sw_pnf_02,donor_identity_minus,26,18.97313117980957,0.0,18.97313117980957,0.9999999403953552,
syco_bullshit_v2_sw_pnf_02,donor_identity_minus,27,20.8232421875,0.0,20.8232421875,1.0,
syco_bullshit_v2_sw_pnf_02,donor_identity_minus,28,23.853796005249023,0.0,23.853796005249023,1.0000001192092896,
syco_bullshit_v2_sw_pnf_02,donor_identity_minus,29,26.148447036743164,0.0,26.148447036743164,1.0,
syco_bullshit_v2_sw_pnf_02,donor_identity_minus,30,29.863937377929688,0.0,29.863937377929688,0.9999999403953552,
syco_bullshit_v2_sw_pnf_02,donor_identity_minus,31,38.13393783569336,0.0,38.13393783569336,1.0,
syco_bullshit_v2_sw_pnf_02,full_minus,17,5.5855255126953125,0.0,5.5855255126953125,1.0,"[-1.5886847972869873, 2.35009503364563]"
syco_bullshit_v2_sw_pnf_02,full_minus,18,5.7386064529418945,2.3424317836761475,6.872130870819092,0.790565550327301,"[-2.179704427719116, 2.185997486114502]"
syco_bullshit_v2_sw_pnf_02,full_minus,19,6.026827335357666,6.534330368041992,9.98208236694336,0.4680113196372986,"[-3.826103448867798, 3.336223840713501]"
syco_bullshit_v2_sw_pnf_02,full_minus,20,6.078220844268799,7.838980674743652,11.355384826660156,0.4049791991710663,"[-4.07545280456543, 3.663595199584961]"
syco_bullshit_v2_sw_pnf_02,full_minus,21,6.662511825561523,9.463519096374512,13.18461799621582,0.370079904794693,"[-3.435565710067749, 4.385708808898926]"
syco_bullshit_v2_sw_pnf_02,full_minus,22,7.243183135986328,11.078163146972656,14.862032890319824,0.34094998240470886,
syco_bullshit_v2_sw_pnf_02,full_minus,23,7.805356502532959,12.640265464782715,16.521764755249023,0.3189302384853363,
syco_bullshit_v2_sw_pnf_02,full_minus,24,8.307231903076172,13.746516227722168,17.959941864013672,0.31405502557754517,
syco_bullshit_v2_sw_pnf_02,full_minus,25,8.664749145507812,14.327245712280273,18.531803131103516,0.3104518949985504,
syco_bullshit_v2_sw_pnf_02,full_minus,26,8.970860481262207,14.793621063232422,18.97313117980957,0.307801753282547,
syco_bullshit_v2_sw_pnf_02,full_minus,27,9.893375396728516,16.471670150756836,20.8232421875,0.3000067472457886,
syco_bullshit_v2_sw_pnf_02,full_minus,28,9.941218376159668,19.495811462402344,23.853796005249023,0.25284966826438904,
syco_bullshit_v2_sw_pnf_02,full_minus,29,10.609283447265625,21.458606719970703,26.148447036743164,0.24558009207248688,
syco_bullshit_v2_sw_pnf_02,full_minus,30,11.177160263061523,24.7912540435791,29.863937377929688,0.22547242045402527,
syco_bullshit_v2_sw_pnf_02,full_minus,31,12.604455947875977,31.812753677368164,38.13393783569336,0.20664949715137482,
syco_bullshit_v2_sw_pnf_02,projected_minus,17,1.805327296257019,5.285524845123291,5.5855255126953125,0.10450201481580734,"[-1.5897666215896606, 2.3497602939605713]"
syco_bullshit_v2_sw_pnf_02,projected_minus,18,1.848088264465332,6.56221866607666,6.872130870819092,0.08024043589830399,"[-2.1962859630584717, 2.152268886566162]"
syco_bullshit_v2_sw_pnf_02,projected_minus,19,1.8558555841445923,9.627598762512207,9.98208236694336,0.052164360880851746,"[-3.8564207553863525, 2.988723039627075]"
syco_bullshit_v2_sw_pnf_02,projected_minus,20,1.8782809972763062,10.956690788269043,11.355384826660156,0.048174209892749786,"[-4.082209587097168, 3.1951379776000977]"
syco_bullshit_v2_sw_pnf_02,projected_minus,21,1.9548674821853638,12.777523040771484,13.18461799621582,0.04139158874750137,"[-3.1904571056365967, 3.6276464462280273]"
syco_bullshit_v2_sw_pnf_02,projected_minus,22,2.172576665878296,14.445687294006348,14.862032890319824,0.03830637410283089,
syco_bullshit_v2_sw_pnf_02,projected_minus,23,2.2942166328430176,16.071231842041016,16.521764755249023,0.0365382619202137,
syco_bullshit_v2_sw_pnf_02,projected_minus,24,2.550421953201294,17.526039123535156,17.959941864013672,0.03395053744316101,
syco_bullshit_v2_sw_pnf_02,projected_minus,25,2.611182928085327,18.148788452148438,18.531803131103516,0.030381202697753906,
syco_bullshit_v2_sw_pnf_02,projected_minus,26,2.7340962886810303,18.51023292541504,18.97313117980957,0.03448288142681122,
syco_bullshit_v2_sw_pnf_02,projected_minus,27,3.0613269805908203,20.285266876220703,20.8232421875,0.03630829229950905,
syco_bullshit_v2_sw_pnf_02,projected_minus,28,3.1927554607391357,23.39518928527832,23.853796005249023,0.027998441830277443,
syco_bullshit_v2_sw_pnf_02,projected_minus,29,3.4117250442504883,25.797712326049805,26.148447036743164,0.021835066378116608,
syco_bullshit_v2_sw_pnf_02,projected_minus,30,3.4806230068206787,29.55573081970215,29.863937377929688,0.017058933153748512,
syco_bullshit_v2_sw_pnf_02,projected_minus,31,3.908348798751831,37.82746124267578,38.13393783569336,0.013256654143333435,
syco_bullshit_v2_sw_pnf_02,gap_minus,17,3.3793985843658447,5.887118339538574,5.5855255126953125,0.12757593393325806,"[-4.257821083068848, 3.2950985431671143]"
syco_bullshit_v2_sw_pnf_02,gap_minus,18,3.310749053955078,6.867222309112549,6.872130870819092,0.11676252633333206,"[-4.143350124359131, 2.932943344116211]"
syco_bullshit_v2_sw_pnf_02,gap_minus,19,3.2696447372436523,9.939276695251465,9.98208236694336,0.057923924177885056,"[-5.435247421264648, 3.640733480453491]"
syco_bullshit_v2_sw_pnf_02,gap_minus,20,3.2986230850219727,11.040751457214355,11.355384826660156,0.069516122341156,"[-5.3709611892700195, 3.7458598613739014]"
syco_bullshit_v2_sw_pnf_02,gap_minus,21,3.5211617946624756,12.688421249389648,13.18461799621582,0.07258845865726471,"[-4.277681350708008, 4.1214752197265625]"
syco_bullshit_v2_sw_pnf_02,gap_minus,22,3.8997039794921875,14.188071250915527,14.862032890319824,0.07874494791030884,
syco_bullshit_v2_sw_pnf_02,gap_minus,23,4.095141410827637,15.616110801696777,16.521764755249023,0.08403146266937256,
syco_bullshit_v2_sw_pnf_02,gap_minus,24,4.541582107543945,17.034866333007812,17.959941864013672,0.08215342462062836,
syco_bullshit_v2_sw_pnf_02,gap_minus,25,4.748897075653076,17.658143997192383,18.531803131103516,0.078866146504879,
syco_bullshit_v2_sw_pnf_02,gap_minus,26,4.989507675170898,18.009105682373047,18.97313117980957,0.08409775048494339,
syco_bullshit_v2_sw_pnf_02,gap_minus,27,5.4750142097473145,19.73127555847168,20.8232421875,0.08563034981489182,
syco_bullshit_v2_sw_pnf_02,gap_minus,28,5.571392059326172,22.77014923095703,23.853796005249023,0.0716729685664177,
syco_bullshit_v2_sw_pnf_02,gap_minus,29,5.866788387298584,25.091203689575195,26.148447036743164,0.0647846981883049,
syco_bullshit_v2_sw_pnf_02,gap_minus,30,6.104387283325195,28.827938079833984,29.863937377929688,0.05497988313436508,
syco_bullshit_v2_sw_pnf_02,gap_minus,31,7.059122562408447,36.63835525512695,38.13393783569336,0.05558372661471367,
syco_bullshit_v2_sw_pnf_03,bare,17,0.0,5.324366092681885,5.324366092681885,0.0,"[-1.5502443313598633, 0.3809593617916107]"
syco_bullshit_v2_sw_pnf_03,bare,18,0.0,6.893999099731445,6.893999099731445,0.0,"[-2.148240566253662, 0.4267910122871399]"
syco_bullshit_v2_sw_pnf_03,bare,19,0.0,11.024012565612793,11.024012565612793,0.0,"[-4.17185115814209, 1.3083864450454712]"
syco_bullshit_v2_sw_pnf_03,bare,20,0.0,12.46532154083252,12.46532154083252,0.0,"[-4.405697345733643, 1.8461469411849976]"
syco_bullshit_v2_sw_pnf_03,bare,21,0.0,14.65931224822998,14.65931224822998,0.0,"[-3.772564649581909, 2.3842554092407227]"
syco_bullshit_v2_sw_pnf_03,bare,22,0.0,17.264814376831055,17.264814376831055,0.0,
syco_bullshit_v2_sw_pnf_03,bare,23,0.0,19.307165145874023,19.307165145874023,0.0,
syco_bullshit_v2_sw_pnf_03,bare,24,0.0,21.010940551757812,21.010940551757812,0.0,
syco_bullshit_v2_sw_pnf_03,bare,25,0.0,21.62632179260254,21.62632179260254,0.0,
syco_bullshit_v2_sw_pnf_03,bare,26,0.0,22.848468780517578,22.848468780517578,0.0,
syco_bullshit_v2_sw_pnf_03,bare,27,0.0,25.1750545501709,25.1750545501709,0.0,
syco_bullshit_v2_sw_pnf_03,bare,28,0.0,28.796632766723633,28.796632766723633,0.0,
syco_bullshit_v2_sw_pnf_03,bare,29,0.0,31.787527084350586,31.787527084350586,0.0,
syco_bullshit_v2_sw_pnf_03,bare,30,0.0,35.354713439941406,35.354713439941406,0.0,
syco_bullshit_v2_sw_pnf_03,bare,31,0.0,43.45222091674805,43.45222091674805,0.0,
syco_bullshit_v2_sw_pnf_03,direct_minus,17,5.324366092681885,0.0,5.324366092681885,1.0000001192092896,"[-1.6269896030426025, 2.2417986392974854]"
syco_bullshit_v2_sw_pnf_03,direct_minus,18,6.893999099731445,0.0,6.893999099731445,1.0,"[-2.2346115112304688, 3.0973525047302246]"
syco_bullshit_v2_sw_pnf_03,direct_minus,19,11.024012565612793,0.0,11.024012565612793,1.0000001192092896,"[-3.966866970062256, 6.207902908325195]"
syco_bullshit_v2_sw_pnf_03,direct_minus,20,12.46532154083252,0.0,12.46532154083252,0.9999998807907104,"[-3.957155227661133, 6.595373153686523]"
syco_bullshit_v2_sw_pnf_03,direct_minus,21,14.65931224822998,0.0,14.65931224822998,0.9999999403953552,"[-3.6429100036621094, 7.748899459838867]"
syco_bullshit_v2_sw_pnf_03,direct_minus,22,17.264814376831055,0.0,17.264814376831055,1.0,
syco_bullshit_v2_sw_pnf_03,direct_minus,23,19.307165145874023,0.0,19.307165145874023,0.9999999403953552,
syco_bullshit_v2_sw_pnf_03,direct_minus,24,21.010940551757812,0.0,21.010940551757812,0.9999999403953552,
syco_bullshit_v2_sw_pnf_03,direct_minus,25,21.62632179260254,0.0,21.62632179260254,1.0,
syco_bullshit_v2_sw_pnf_03,direct_minus,26,22.848468780517578,0.0,22.848468780517578,1.0,
syco_bullshit_v2_sw_pnf_03,direct_minus,27,25.1750545501709,0.0,25.1750545501709,0.9999998807907104,
syco_bullshit_v2_sw_pnf_03,direct_minus,28,28.796632766723633,0.0,28.796632766723633,1.0000001192092896,
syco_bullshit_v2_sw_pnf_03,direct_minus,29,31.787527084350586,0.0,31.787527084350586,1.0000001192092896,
syco_bullshit_v2_sw_pnf_03,direct_minus,30,35.354713439941406,0.0,35.354713439941406,0.9999998807907104,
syco_bullshit_v2_sw_pnf_03,direct_minus,31,43.45222091674805,0.0,43.45222091674805,1.0,
syco_bullshit_v2_sw_pnf_03,identity_minus,17,0.0,5.324366092681885,5.324366092681885,0.0,"[-1.5502443313598633, 0.3809593617916107]"
syco_bullshit_v2_sw_pnf_03,identity_minus,18,0.0,6.893999099731445,6.893999099731445,0.0,"[-2.148240566253662, 0.4267910122871399]"
syco_bullshit_v2_sw_pnf_03,identity_minus,19,0.0,11.024012565612793,11.024012565612793,0.0,"[-4.17185115814209, 1.3083864450454712]"
syco_bullshit_v2_sw_pnf_03,identity_minus,20,0.0,12.46532154083252,12.46532154083252,0.0,"[-4.405697345733643, 1.8461469411849976]"
syco_bullshit_v2_sw_pnf_03,identity_minus,21,0.0,14.65931224822998,14.65931224822998,0.0,"[-3.772564649581909, 2.3842554092407227]"
syco_bullshit_v2_sw_pnf_03,identity_minus,22,0.0,17.264814376831055,17.264814376831055,0.0,
syco_bullshit_v2_sw_pnf_03,identity_minus,23,0.0,19.307165145874023,19.307165145874023,0.0,
syco_bullshit_v2_sw_pnf_03,identity_minus,24,0.0,21.010940551757812,21.010940551757812,0.0,
syco_bullshit_v2_sw_pnf_03,identity_minus,25,0.0,21.62632179260254,21.62632179260254,0.0,
syco_bullshit_v2_sw_pnf_03,identity_minus,26,0.0,22.848468780517578,22.848468780517578,0.0,
syco_bullshit_v2_sw_pnf_03,identity_minus,27,0.0,25.1750545501709,25.1750545501709,0.0,
syco_bullshit_v2_sw_pnf_03,identity_minus,28,0.0,28.796632766723633,28.796632766723633,0.0,
syco_bullshit_v2_sw_pnf_03,identity_minus,29,0.0,31.787527084350586,31.787527084350586,0.0,
syco_bullshit_v2_sw_pnf_03,identity_minus,30,0.0,35.354713439941406,35.354713439941406,0.0,
syco_bullshit_v2_sw_pnf_03,identity_minus,31,0.0,43.45222091674805,43.45222091674805,0.0,
syco_bullshit_v2_sw_pnf_03,donor_identity_minus,17,5.324366092681885,0.0,5.324366092681885,1.0000001192092896,"[-1.6269896030426025, 2.2417986392974854]"
syco_bullshit_v2_sw_pnf_03,donor_identity_minus,18,6.893999099731445,0.0,6.893999099731445,1.0,"[-2.2346115112304688, 3.0973525047302246]"
syco_bullshit_v2_sw_pnf_03,donor_identity_minus,19,11.024012565612793,0.0,11.024012565612793,1.0000001192092896,"[-3.966866970062256, 6.207902908325195]"
syco_bullshit_v2_sw_pnf_03,donor_identity_minus,20,12.46532154083252,0.0,12.46532154083252,0.9999998807907104,"[-3.957155227661133, 6.595373153686523]"
syco_bullshit_v2_sw_pnf_03,donor_identity_minus,21,14.65931224822998,0.0,14.65931224822998,0.9999999403953552,"[-3.6429100036621094, 7.748899459838867]"
syco_bullshit_v2_sw_pnf_03,donor_identity_minus,22,17.264814376831055,0.0,17.264814376831055,1.0,
syco_bullshit_v2_sw_pnf_03,donor_identity_minus,23,19.307165145874023,0.0,19.307165145874023,0.9999999403953552,
syco_bullshit_v2_sw_pnf_03,donor_identity_minus,24,21.010940551757812,0.0,21.010940551757812,0.9999999403953552,
syco_bullshit_v2_sw_pnf_03,donor_identity_minus,25,21.62632179260254,0.0,21.62632179260254,1.0,
syco_bullshit_v2_sw_pnf_03,donor_identity_minus,26,22.848468780517578,0.0,22.848468780517578,1.0,
syco_bullshit_v2_sw_pnf_03,donor_identity_minus,27,25.1750545501709,0.0,25.1750545501709,0.9999998807907104,
syco_bullshit_v2_sw_pnf_03,donor_identity_minus,28,28.796632766723633,0.0,28.796632766723633,1.0000001192092896,
syco_bullshit_v2_sw_pnf_03,donor_identity_minus,29,31.787527084350586,0.0,31.787527084350586,1.0000001192092896,
syco_bullshit_v2_sw_pnf_03,donor_identity_minus,30,35.354713439941406,0.0,35.354713439941406,0.9999998807907104,
syco_bullshit_v2_sw_pnf_03,donor_identity_minus,31,43.45222091674805,0.0,43.45222091674805,1.0,
syco_bullshit_v2_sw_pnf_03,full_minus,17,5.324366092681885,0.0,5.324366092681885,1.0000001192092896,"[-1.6269896030426025, 2.2417986392974854]"
syco_bullshit_v2_sw_pnf_03,full_minus,18,5.463925838470459,2.622443675994873,6.893999099731445,0.7417274713516235,"[-2.1080257892608643, 2.1957664489746094]"
syco_bullshit_v2_sw_pnf_03,full_minus,19,6.627044677734375,6.885706901550293,11.024012565612793,0.48561975359916687,"[-3.875183582305908, 3.3303682804107666]"
syco_bullshit_v2_sw_pnf_03,full_minus,20,7.007768630981445,7.971902847290039,12.46532154083252,0.4535267651081085,"[-4.141953945159912, 3.917022228240967]"
syco_bullshit_v2_sw_pnf_03,full_minus,21,7.794083595275879,9.671353340148926,14.65931224822998,0.4237133264541626,"[-3.772343158721924, 4.6447296142578125]"
syco_bullshit_v2_sw_pnf_03,full_minus,22,8.737879753112793,11.663017272949219,17.264814376831055,0.3998982608318329,
syco_bullshit_v2_sw_pnf_03,full_minus,23,9.41160774230957,13.317476272583008,19.307165145874023,0.3809216320514679,
syco_bullshit_v2_sw_pnf_03,full_minus,24,10.088815689086914,14.536314964294434,21.010940551757812,0.37595662474632263,
syco_bullshit_v2_sw_pnf_03,full_minus,25,10.375222206115723,15.169203758239746,21.62632179260254,0.3690825402736664,
syco_bullshit_v2_sw_pnf_03,full_minus,26,11.013640403747559,16.118444442749023,22.848468780517578,0.3673466742038727,
syco_bullshit_v2_sw_pnf_03,full_minus,27,12.210840225219727,17.880451202392578,25.1750545501709,0.36540675163269043,
syco_bullshit_v2_sw_pnf_03,full_minus,28,12.780577659606934,21.138513565063477,28.796632766723633,0.32906556129455566,
syco_bullshit_v2_sw_pnf_03,full_minus,29,13.794767379760742,23.45500373840332,31.787527084350586,0.3219394385814667,
syco_bullshit_v2_sw_pnf_03,full_minus,30,14.689040184020996,26.30320930480957,35.354713439941406,0.30955684185028076,
syco_bullshit_v2_sw_pnf_03,full_minus,31,17.67361068725586,32.272743225097656,43.45222091674805,0.3069024085998535,
syco_bullshit_v2_sw_pnf_03,projected_minus,17,1.841957926750183,4.995163440704346,5.324366092681885,0.11975833028554916,"[-1.6272227764129639, 2.2411770820617676]"
syco_bullshit_v2_sw_pnf_03,projected_minus,18,1.8653490543365479,6.491325855255127,6.893999099731445,0.09330907464027405,"[-2.1205930709838867, 2.062710762023926]"
syco_bullshit_v2_sw_pnf_03,projected_minus,19,1.8722513914108276,10.724714279174805,11.024012565612793,0.04120291396975517,"[-4.0426483154296875, 2.6578755378723145]"
syco_bullshit_v2_sw_pnf_03,projected_minus,20,1.8925445079803467,12.18585205078125,12.46532154083252,0.033693790435791016,"[-4.263577461242676, 3.059081554412842]"
syco_bullshit_v2_sw_pnf_03,projected_minus,21,1.964307188987732,14.449237823486328,14.65931224822998,0.023205284029245377,"[-3.6322124004364014, 3.505680561065674]"
syco_bullshit_v2_sw_pnf_03,projected_minus,22,2.2028892040252686,17.111865997314453,17.264814376831055,0.016959911212325096,
syco_bullshit_v2_sw_pnf_03,projected_minus,23,2.325371026992798,19.250438690185547,19.307165145874023,0.010186770930886269,
syco_bullshit_v2_sw_pnf_03,projected_minus,24,2.573728084564209,20.942325592041016,21.010940551757812,0.010762902908027172,
syco_bullshit_v2_sw_pnf_03,projected_minus,25,2.62099552154541,21.662267684936523,21.62632179260254,0.0056805480271577835,
syco_bullshit_v2_sw_pnf_03,projected_minus,26,2.792271137237549,22.85246467590332,22.848468780517578,0.007292554248124361,
syco_bullshit_v2_sw_pnf_03,projected_minus,27,3.1046483516693115,25.33857536315918,25.1750545501709,0.0010877351742237806,
syco_bullshit_v2_sw_pnf_03,projected_minus,28,3.3583133220672607,29.16175651550293,28.796632766723633,-0.005959401372820139,
syco_bullshit_v2_sw_pnf_03,projected_minus,29,3.6765031814575195,32.3381233215332,31.787527084350586,-0.010782589204609394,
syco_bullshit_v2_sw_pnf_03,projected_minus,30,3.7758564949035645,35.95164108276367,35.354713439941406,-0.011323470622301102,
syco_bullshit_v2_sw_pnf_03,projected_minus,31,4.148651599884033,43.85477828979492,43.45222091674805,-0.00474938191473484,
syco_bullshit_v2_sw_pnf_03,gap_minus,17,3.4255635738372803,5.65660285949707,5.324366092681885,0.14261938631534576,"[-4.362949848175049, 3.1916279792785645]"
syco_bullshit_v2_sw_pnf_03,gap_minus,18,3.352693557739258,6.7581024169921875,6.893999099731445,0.13777180016040802,"[-4.085323333740234, 2.845089912414551]"
syco_bullshit_v2_sw_pnf_03,gap_minus,19,3.2861409187316895,10.881763458251953,11.024012565612793,0.05724902078509331,"[-5.645083427429199, 3.303049087524414]"
syco_bullshit_v2_sw_pnf_03,gap_minus,20,3.272712469100952,12.154705047607422,12.46532154083252,0.059073060750961304,"[-5.584774494171143, 3.6194801330566406]"
syco_bullshit_v2_sw_pnf_03,gap_minus,21,3.438600778579712,14.36252498626709,14.65931224822998,0.04755168780684471,"[-4.753302097320557, 4.034358978271484]"
syco_bullshit_v2_sw_pnf_03,gap_minus,22,3.8444085121154785,16.967317581176758,17.264814376831055,0.041874535381793976,
syco_bullshit_v2_sw_pnf_03,gap_minus,23,3.992223024368286,19.042308807373047,19.307165145874023,0.03500165417790413,
syco_bullshit_v2_sw_pnf_03,gap_minus,24,4.406827449798584,20.704133987426758,21.010940551757812,0.0364910252392292,
syco_bullshit_v2_sw_pnf_03,gap_minus,25,4.578249454498291,21.404481887817383,21.62632179260254,0.03261326998472214,
syco_bullshit_v2_sw_pnf_03,gap_minus,26,4.85257625579834,22.52703094482422,22.848468780517578,0.03652200475335121,
syco_bullshit_v2_sw_pnf_03,gap_minus,27,5.214036464691162,24.983999252319336,25.1750545501709,0.029007798060774803,
syco_bullshit_v2_sw_pnf_03,gap_minus,28,5.43216609954834,28.779664993286133,28.796632766723633,0.018381332978606224,
syco_bullshit_v2_sw_pnf_03,gap_minus,29,5.878350734710693,31.950429916381836,31.787527084350586,0.011960986070334911,
syco_bullshit_v2_sw_pnf_03,gap_minus,30,6.095597743988037,35.490631103515625,35.354713439941406,0.011011150665581226,
syco_bullshit_v2_sw_pnf_03,gap_minus,31,6.8763885498046875,42.962650299072266,43.45222091674805,0.023725301027297974,
