method,seed,side,C,source_kind,source_run,raw_steered_source,effect,off_axis_perturbation,steered_off_axis,health_clean,accepted
J_word,0,+C,0.19842513149602492,continuation_certificate,outputs/run_20260828T093558_J_word_s0_+c0p19842513149602492/J_word.json,outputs/run_20260828T093558_J_word_s0_+c0p19842513149602492/moral_demos.jsonl,0.96,0.0435,0.4925,True,True
J_word,0,+C,0.22272467953508485,continuation_certificate,outputs/run_20260828T093610_J_word_s0_+c0p22272467953508485/J_word.json,outputs/run_20260828T093610_J_word_s0_+c0p22272467953508485/moral_demos.jsonl,0.87425,0.014500000000000002,0.46625,True,True
J_word,0,+C,0.25,continuation_certificate,outputs/run_20260828T093621_J_word_s0_+c0p25/J_word.json,outputs/run_20260828T093621_J_word_s0_+c0p25/moral_demos.jsonl,1.37775,0.10625,0.5455,True,True
J_word,0,+C,0.28061551207734325,continuation_certificate,outputs/run_20260828T093632_J_word_s0_+c0p28061551207734325/J_word.json,outputs/run_20260828T093632_J_word_s0_+c0p28061551207734325/moral_demos.jsonl,1.49125,0.156,0.58425,True,True
J_word,0,+C,0.3149802624737183,continuation_certificate,outputs/run_20260828T093657_J_word_s0_+c0p3149802624737183/J_word.json,outputs/run_20260828T093657_J_word_s0_+c0p3149802624737183/moral_demos.jsonl,1.68525,0.277,0.7645,True,True
J_word,0,+C,0.3535533905932738,continuation_certificate,outputs/run_20260828T093723_J_word_s0_+c0p3535533905932738/J_word.json,outputs/run_20260828T093723_J_word_s0_+c0p3535533905932738/moral_demos.jsonl,2.075,0.626,1.105,True,True
J_word,0,+C,0.3968502629920499,continuation_certificate,outputs/run_20260828T093109_J_word_s0_+c0p3968502629920499/J_word.json,outputs/run_20260828T093109_J_word_s0_+c0p3968502629920499/moral_demos.jsonl,2.44825,1.17025,1.64025,True,False
J_word,0,-C,0.15749013123685915,historical_bracket,outputs/run_20260828T020211_J_word_s0_c0p15749013123685915/J_word.json,outputs/run_20260828T020211_J_word_s0_c0p15749013123685915/moral_demos.jsonl,0.29825,0.03675,0.76,True,True
J_word,0,-C,0.1767766952966369,historical_bracket,outputs/run_20260828T020301_J_word_s0_c0p1767766952966369/J_word.json,outputs/run_20260828T020301_J_word_s0_c0p1767766952966369/moral_demos.jsonl,0.244,0.012250000000000006,0.81825,True,True
J_word,0,-C,0.19842513149602492,historical_bracket,outputs/run_20260828T020353_J_word_s0_c0p19842513149602492/J_word.json,outputs/run_20260828T020353_J_word_s0_c0p19842513149602492/moral_demos.jsonl,-0.07975,0.09699999999999999,0.87175,True,True
J_word,0,-C,0.22272467953508485,historical_bracket,outputs/run_20260828T020443_J_word_s0_c0p22272467953508485/J_word.json,outputs/run_20260828T020443_J_word_s0_c0p22272467953508485/moral_demos.jsonl,0.02325000000000002,0.0865,0.928,True,True
J_word,0,-C,0.25,historical_bracket,outputs/run_20260828T020532_J_word_s0_c0p25/J_word.json,outputs/run_20260828T020532_J_word_s0_c0p25/moral_demos.jsonl,-0.18849999999999997,0.2405,1.065,True,True
J_word,0,-C,0.28061551207734325,historical_bracket,outputs/run_20260828T020655_J_word_s0_c0p28061551207734325/J_word.json,outputs/run_20260828T020655_J_word_s0_c0p28061551207734325/moral_demos.jsonl,-0.33999999999999997,0.46275,1.375,True,True
mean_diff,0,+C,0.5,continuation_certificate,outputs/run_20260828T095357_mean_diff_s0_+c0p5/mean_diff.json,outputs/run_20260828T095357_mean_diff_s0_+c0p5/moral_demos.jsonl,2.6175,0.188,0.6455,True,True
mean_diff,0,+C,0.5612310241546865,continuation_certificate,outputs/run_20260828T095413_mean_diff_s0_+c0p5612310241546865/mean_diff.json,outputs/run_20260828T095413_mean_diff_s0_+c0p5612310241546865/moral_demos.jsonl,2.87375,0.23075,0.69625,True,True
mean_diff,0,+C,0.6299605249474366,continuation_certificate,outputs/run_20260828T095431_mean_diff_s0_+c0p6299605249474366/mean_diff.json,outputs/run_20260828T095431_mean_diff_s0_+c0p6299605249474366/moral_demos.jsonl,3.3449999999999998,0.27975,0.75775,True,True
mean_diff,0,+C,0.7071067811865476,continuation_certificate,outputs/run_20260828T095448_mean_diff_s0_+c0p7071067811865476/mean_diff.json,outputs/run_20260828T095448_mean_diff_s0_+c0p7071067811865476/moral_demos.jsonl,3.673,0.41575,0.9035,True,True
mean_diff,0,+C,0.7937005259840998,continuation_certificate,outputs/run_20260828T095505_mean_diff_s0_+c0p7937005259840998/mean_diff.json,outputs/run_20260828T095505_mean_diff_s0_+c0p7937005259840998/moral_demos.jsonl,4.04675,0.536,1.0365,True,True
mean_diff,0,+C,0.8908987181403393,continuation_certificate,outputs/run_20260828T095521_mean_diff_s0_+c0p8908987181403393/mean_diff.json,outputs/run_20260828T095521_mean_diff_s0_+c0p8908987181403393/moral_demos.jsonl,4.3465,0.62125,1.119,True,True
mean_diff,0,+C,1.0,continuation_certificate,outputs/run_20260828T095537_mean_diff_s0_+c1p0/mean_diff.json,outputs/run_20260828T095537_mean_diff_s0_+c1p0/moral_demos.jsonl,4.36475,0.8365,1.40025,True,True
mean_diff,0,+C,1.122462048309373,continuation_certificate,outputs/run_20260828T095553_mean_diff_s0_+c1p122462048309373/mean_diff.json,outputs/run_20260828T095553_mean_diff_s0_+c1p122462048309373/moral_demos.jsonl,4.4944999999999995,1.2015,1.768,True,False
mean_diff,0,+C,1.2599210498948732,continuation_certificate,outputs/run_20260828T095608_mean_diff_s0_+c1p2599210498948732/mean_diff.json,outputs/run_20260828T095608_mean_diff_s0_+c1p2599210498948732/moral_demos.jsonl,4.26075,1.488,2.11525,True,False
mean_diff,0,+C,1.4142135623730951,continuation_certificate,outputs/run_20260828T095624_mean_diff_s0_+c1p4142135623730951/mean_diff.json,outputs/run_20260828T095624_mean_diff_s0_+c1p4142135623730951/moral_demos.jsonl,3.76975,2.3002499999999997,2.85,True,False
mean_diff,0,+C,1.4293579100903953,continuation_certificate,outputs/run_20260828T095229_mean_diff_s0_+c1p4293579100903953/mean_diff.json,outputs/run_20260828T095229_mean_diff_s0_+c1p4293579100903953/moral_demos.jsonl,3.7335000000000003,2.3177499999999998,2.87725,True,False
mean_diff,0,-C,0.3535533905932738,historical_bracket,outputs/run_20260822T022816_mean_diff_s0_c0p3535533905932738/mean_diff.json,outputs/run_20260822T022816_mean_diff_s0_c0p3535533905932738/moral_demos.jsonl,0.9775,0.1065,0.76025,True,True
mean_diff,0,-C,0.3968502629920499,historical_bracket,outputs/run_20260821T223358_mean_diff_s0_c0p3968502629920499/mean_diff.json,outputs/run_20260821T223358_mean_diff_s0_c0p3968502629920499/moral_demos.jsonl,0.9835,0.1555,0.75,True,True
mean_diff,0,-C,0.44544935907016964,historical_bracket,outputs/run_20260821T223446_mean_diff_s0_c0p44544935907016964/mean_diff.json,outputs/run_20260821T223446_mean_diff_s0_c0p44544935907016964/moral_demos.jsonl,1.3255,0.223,0.7135,True,True
mean_diff,0,-C,0.5,historical_bracket,outputs/run_20260822T022925_mean_diff_s0_c0p5/mean_diff.json,outputs/run_20260822T022925_mean_diff_s0_c0p5/moral_demos.jsonl,1.174,0.21325,0.7765,True,True
mean_diff,0,-C,0.5612310241546865,historical_bracket,outputs/run_20260821T223537_mean_diff_s0_c0p5612310241546865/mean_diff.json,outputs/run_20260821T223537_mean_diff_s0_c0p5612310241546865/moral_demos.jsonl,1.17875,0.273,0.7272500000000001,True,True
mean_diff,0,-C,0.6299605249474366,historical_bracket,outputs/run_20260821T223626_mean_diff_s0_c0p6299605249474366/mean_diff.json,outputs/run_20260821T223626_mean_diff_s0_c0p6299605249474366/moral_demos.jsonl,1.51775,0.3205,0.776,True,True
mean_diff,0,-C,0.7071067811865476,historical_bracket,outputs/run_20260822T023035_mean_diff_s0_c0p7071067811865476/mean_diff.json,outputs/run_20260822T023035_mean_diff_s0_c0p7071067811865476/moral_demos.jsonl,1.34325,0.0032500000000000064,1.06125,True,True
mean_diff,0,-C,0.7937005259840998,historical_bracket,outputs/run_20260821T223717_mean_diff_s0_c0p7937005259840998/mean_diff.json,outputs/run_20260821T223717_mean_diff_s0_c0p7937005259840998/moral_demos.jsonl,1.1260000000000001,0.30325,1.39225,True,True
mean_diff,0,-C,0.8908987181403393,historical_bracket,outputs/run_20260821T223843_mean_diff_s0_c0p8908987181403393/mean_diff.json,outputs/run_20260821T223843_mean_diff_s0_c0p8908987181403393/moral_demos.jsonl,1.44625,0.43024999999999997,1.46975,True,True
mean_diff,0,-C,1.0,historical_bracket,outputs/run_20260822T023218_mean_diff_s0_c1p0/mean_diff.json,outputs/run_20260822T023218_mean_diff_s0_c1p0/moral_demos.jsonl,0.7417499999999999,1.51525,2.42825,True,False
mean_diff,1,+C,0.5,continuation_certificate,outputs/run_20260828T095358_mean_diff_s1_+c0p5/mean_diff.json,outputs/run_20260828T095358_mean_diff_s1_+c0p5/moral_demos.jsonl,2.57225,0.17625000000000002,0.635,True,True
mean_diff,1,+C,0.5612310241546865,continuation_certificate,outputs/run_20260828T095414_mean_diff_s1_+c0p5612310241546865/mean_diff.json,outputs/run_20260828T095414_mean_diff_s1_+c0p5612310241546865/moral_demos.jsonl,2.8865,0.232,0.69625,True,True
mean_diff,1,+C,0.6299605249474366,continuation_certificate,outputs/run_20260828T095431_mean_diff_s1_+c0p6299605249474366/mean_diff.json,outputs/run_20260828T095431_mean_diff_s1_+c0p6299605249474366/moral_demos.jsonl,3.41925,0.2715,0.766,True,True
mean_diff,1,+C,0.7071067811865476,continuation_certificate,outputs/run_20260828T095449_mean_diff_s1_+c0p7071067811865476/mean_diff.json,outputs/run_20260828T095449_mean_diff_s1_+c0p7071067811865476/moral_demos.jsonl,3.70125,0.41325,0.8865,True,True
mean_diff,1,+C,0.7937005259840998,continuation_certificate,outputs/run_20260828T095506_mean_diff_s1_+c0p7937005259840998/mean_diff.json,outputs/run_20260828T095506_mean_diff_s1_+c0p7937005259840998/moral_demos.jsonl,4.08775,0.5435,1.07475,True,True
mean_diff,1,+C,0.8908987181403393,continuation_certificate,outputs/run_20260828T095522_mean_diff_s1_+c0p8908987181403393/mean_diff.json,outputs/run_20260828T095522_mean_diff_s1_+c0p8908987181403393/moral_demos.jsonl,4.38125,0.5985,1.0855,True,True
mean_diff,1,+C,1.0,continuation_certificate,outputs/run_20260828T095538_mean_diff_s1_+c1p0/mean_diff.json,outputs/run_20260828T095538_mean_diff_s1_+c1p0/moral_demos.jsonl,4.3545,0.82825,1.40125,True,True
mean_diff,1,+C,1.122462048309373,continuation_certificate,outputs/run_20260828T095554_mean_diff_s1_+c1p122462048309373/mean_diff.json,outputs/run_20260828T095554_mean_diff_s1_+c1p122462048309373/moral_demos.jsonl,4.47125,1.1615,1.7325,True,False
mean_diff,1,+C,1.2599210498948732,continuation_certificate,outputs/run_20260828T095609_mean_diff_s1_+c1p2599210498948732/mean_diff.json,outputs/run_20260828T095609_mean_diff_s1_+c1p2599210498948732/moral_demos.jsonl,4.14275,1.48975,2.1165,True,False
mean_diff,1,+C,1.4142135623730951,continuation_certificate,outputs/run_20260828T095625_mean_diff_s1_+c1p4142135623730951/mean_diff.json,outputs/run_20260828T095625_mean_diff_s1_+c1p4142135623730951/moral_demos.jsonl,3.752,2.326,2.85975,True,False
mean_diff,1,+C,1.4293579100903953,continuation_certificate,outputs/run_20260828T095230_mean_diff_s1_+c1p4293579100903953/mean_diff.json,outputs/run_20260828T095230_mean_diff_s1_+c1p4293579100903953/moral_demos.jsonl,3.70225,2.2685,2.826,True,False
mean_diff,1,-C,0.3535533905932738,historical_bracket,outputs/run_20260821T223706_mean_diff_s1_c0p3535533905932738/mean_diff.json,outputs/run_20260821T223706_mean_diff_s1_c0p3535533905932738/moral_demos.jsonl,1.09225,0.153,0.7475,True,True
mean_diff,1,-C,0.3968502629920499,historical_bracket,outputs/run_20260821T223755_mean_diff_s1_c0p3968502629920499/mean_diff.json,outputs/run_20260821T223755_mean_diff_s1_c0p3968502629920499/moral_demos.jsonl,1.032,0.148,0.7655000000000001,True,True
mean_diff,1,-C,0.44544935907016964,historical_bracket,outputs/run_20260821T223846_mean_diff_s1_c0p44544935907016964/mean_diff.json,outputs/run_20260821T223846_mean_diff_s1_c0p44544935907016964/moral_demos.jsonl,1.32325,0.234,0.7215,True,True
mean_diff,1,-C,0.5,historical_bracket,outputs/run_20260821T223937_mean_diff_s1_c0p5/mean_diff.json,outputs/run_20260821T223937_mean_diff_s1_c0p5/moral_demos.jsonl,1.1645,0.22125,0.80275,True,True
mean_diff,1,-C,0.5612310241546865,historical_bracket,outputs/run_20260821T224028_mean_diff_s1_c0p5612310241546865/mean_diff.json,outputs/run_20260821T224028_mean_diff_s1_c0p5612310241546865/moral_demos.jsonl,1.2135,0.26475,0.74625,True,True
mean_diff,1,-C,0.6299605249474366,historical_bracket,outputs/run_20260821T224119_mean_diff_s1_c0p6299605249474366/mean_diff.json,outputs/run_20260821T224119_mean_diff_s1_c0p6299605249474366/moral_demos.jsonl,1.46775,0.30875,0.762,True,True
mean_diff,1,-C,0.7071067811865476,historical_bracket,outputs/run_20260821T224212_mean_diff_s1_c0p7071067811865476/mean_diff.json,outputs/run_20260821T224212_mean_diff_s1_c0p7071067811865476/moral_demos.jsonl,1.3275,0.004249999999999996,1.0615,True,True
mean_diff,1,-C,0.7937005259840998,historical_bracket,outputs/run_20260821T224330_mean_diff_s1_c0p7937005259840998/mean_diff.json,outputs/run_20260821T224330_mean_diff_s1_c0p7937005259840998/moral_demos.jsonl,1.0815000000000001,0.28725,1.38225,True,True
mean_diff,1,-C,0.8908987181403393,historical_bracket,outputs/run_20260821T224458_mean_diff_s1_c0p8908987181403393/mean_diff.json,outputs/run_20260821T224458_mean_diff_s1_c0p8908987181403393/moral_demos.jsonl,1.37625,0.45725,1.47375,True,True
mean_diff,1,-C,1.0,historical_bracket,outputs/run_20260821T224612_mean_diff_s1_c1p0/mean_diff.json,outputs/run_20260821T224612_mean_diff_s1_c1p0/moral_demos.jsonl,0.6427499999999999,1.48525,2.422,True,False
mean_diff,2,+C,0.5,continuation_certificate,outputs/run_20260828T095224_mean_diff_s2_+c0p5/mean_diff.json,outputs/run_20260828T095224_mean_diff_s2_+c0p5/moral_demos.jsonl,2.589,0.186,0.63525,True,True
mean_diff,2,+C,0.5612310241546865,continuation_certificate,outputs/run_20260828T095236_mean_diff_s2_+c0p5612310241546865/mean_diff.json,outputs/run_20260828T095236_mean_diff_s2_+c0p5612310241546865/moral_demos.jsonl,2.85825,0.23675,0.6985,True,True
mean_diff,2,+C,0.6299605249474366,continuation_certificate,outputs/run_20260828T095248_mean_diff_s2_+c0p6299605249474366/mean_diff.json,outputs/run_20260828T095248_mean_diff_s2_+c0p6299605249474366/moral_demos.jsonl,3.3209999999999997,0.28250000000000003,0.7485,True,True
mean_diff,2,+C,0.7071067811865476,continuation_certificate,outputs/run_20260828T095300_mean_diff_s2_+c0p7071067811865476/mean_diff.json,outputs/run_20260828T095300_mean_diff_s2_+c0p7071067811865476/moral_demos.jsonl,3.6835,0.41275,0.894,True,True
mean_diff,2,+C,0.7937005259840998,continuation_certificate,outputs/run_20260828T095311_mean_diff_s2_+c0p7937005259840998/mean_diff.json,outputs/run_20260828T095311_mean_diff_s2_+c0p7937005259840998/moral_demos.jsonl,4.12075,0.5377500000000001,1.06125,True,True
mean_diff,2,+C,0.8908987181403393,continuation_certificate,outputs/run_20260828T095322_mean_diff_s2_+c0p8908987181403393/mean_diff.json,outputs/run_20260828T095322_mean_diff_s2_+c0p8908987181403393/moral_demos.jsonl,4.33225,0.5835,1.09575,True,True
mean_diff,2,+C,1.0,continuation_certificate,outputs/run_20260828T095334_mean_diff_s2_+c1p0/mean_diff.json,outputs/run_20260828T095334_mean_diff_s2_+c1p0/moral_demos.jsonl,4.369,0.82575,1.3995,True,True
mean_diff,2,+C,1.122462048309373,continuation_certificate,outputs/run_20260828T095345_mean_diff_s2_+c1p122462048309373/mean_diff.json,outputs/run_20260828T095345_mean_diff_s2_+c1p122462048309373/moral_demos.jsonl,4.497,1.19625,1.7635,True,False
mean_diff,2,+C,1.2599210498948732,continuation_certificate,outputs/run_20260828T095356_mean_diff_s2_+c1p2599210498948732/mean_diff.json,outputs/run_20260828T095356_mean_diff_s2_+c1p2599210498948732/moral_demos.jsonl,4.2295,1.48275,2.11,True,False
mean_diff,2,+C,1.4142135623730951,continuation_certificate,outputs/run_20260828T095406_mean_diff_s2_+c1p4142135623730951/mean_diff.json,outputs/run_20260828T095406_mean_diff_s2_+c1p4142135623730951/moral_demos.jsonl,3.807,2.31875,2.86275,True,False
mean_diff,2,+C,1.4293579100903953,continuation_certificate,outputs/run_20260828T095122_mean_diff_s2_+c1p4293579100903953/mean_diff.json,outputs/run_20260828T095122_mean_diff_s2_+c1p4293579100903953/moral_demos.jsonl,3.75725,2.3545,2.9154999999999998,True,False
mean_diff,2,-C,0.3535533905932738,historical_bracket,outputs/run_20260822T022546_mean_diff_s2_c0p3535533905932738/mean_diff.json,outputs/run_20260822T022546_mean_diff_s2_c0p3535533905932738/moral_demos.jsonl,1.07625,0.14825,0.73025,True,True
mean_diff,2,-C,0.3968502629920499,historical_bracket,outputs/run_20260821T223817_mean_diff_s2_c0p3968502629920499/mean_diff.json,outputs/run_20260821T223817_mean_diff_s2_c0p3968502629920499/moral_demos.jsonl,1.0037500000000001,0.1495,0.76575,True,True
mean_diff,2,-C,0.44544935907016964,historical_bracket,outputs/run_20260821T223923_mean_diff_s2_c0p44544935907016964/mean_diff.json,outputs/run_20260821T223923_mean_diff_s2_c0p44544935907016964/moral_demos.jsonl,1.35325,0.24175,0.71875,True,True
mean_diff,2,-C,0.5,historical_bracket,outputs/run_20260822T022644_mean_diff_s2_c0p5/mean_diff.json,outputs/run_20260822T022644_mean_diff_s2_c0p5/moral_demos.jsonl,1.16575,0.23675,0.77275,True,True
mean_diff,2,-C,0.5612310241546865,historical_bracket,outputs/run_20260821T224031_mean_diff_s2_c0p5612310241546865/mean_diff.json,outputs/run_20260821T224031_mean_diff_s2_c0p5612310241546865/moral_demos.jsonl,1.173,0.28150000000000003,0.7225,True,True
mean_diff,2,-C,0.6299605249474366,historical_bracket,outputs/run_20260821T224138_mean_diff_s2_c0p6299605249474366/mean_diff.json,outputs/run_20260821T224138_mean_diff_s2_c0p6299605249474366/moral_demos.jsonl,1.47625,0.30624999999999997,0.76875,True,True
mean_diff,2,-C,0.7071067811865476,historical_bracket,outputs/run_20260822T022742_mean_diff_s2_c0p7071067811865476/mean_diff.json,outputs/run_20260822T022742_mean_diff_s2_c0p7071067811865476/moral_demos.jsonl,1.31875,0.024249999999999994,1.043,True,True
mean_diff,2,-C,0.7937005259840998,historical_bracket,outputs/run_20260821T224248_mean_diff_s2_c0p7937005259840998/mean_diff.json,outputs/run_20260821T224248_mean_diff_s2_c0p7937005259840998/moral_demos.jsonl,1.08025,0.27225,1.3805,True,True
mean_diff,2,-C,0.8908987181403393,historical_bracket,outputs/run_20260821T224444_mean_diff_s2_c0p8908987181403393/mean_diff.json,outputs/run_20260821T224444_mean_diff_s2_c0p8908987181403393/moral_demos.jsonl,1.3575000000000002,0.4255,1.4795,True,True
mean_diff,2,-C,1.0,historical_bracket,outputs/run_20260822T022908_mean_diff_s2_c1p0/mean_diff.json,outputs/run_20260822T022908_mean_diff_s2_c1p0/moral_demos.jsonl,0.6495,1.4989999999999999,2.4375,True,False
pca,0,+C,0.44544935907016964,historical_bracket,outputs/run_20260821T223950_pca_s0_c0p44544935907016964/pca.json,outputs/run_20260821T223950_pca_s0_c0p44544935907016964/moral_demos.jsonl,1.13075,0.12100000000000001,0.54,True,True
pca,0,+C,0.5,historical_bracket,outputs/run_20260822T022957_pca_s0_c0p5/pca.json,outputs/run_20260822T022957_pca_s0_c0p5/moral_demos.jsonl,1.4635,0.1765,0.615,True,True
pca,0,+C,0.5612310241546865,historical_bracket,outputs/run_20260821T224100_pca_s0_c0p5612310241546865/pca.json,outputs/run_20260821T224100_pca_s0_c0p5612310241546865/moral_demos.jsonl,1.53475,0.22375,0.7000000000000001,True,True
pca,0,+C,0.6299605249474366,historical_bracket,outputs/run_20260821T224207_pca_s0_c0p6299605249474366/pca.json,outputs/run_20260821T224207_pca_s0_c0p6299605249474366/moral_demos.jsonl,1.7469999999999999,0.22425,0.70075,True,True
pca,0,+C,0.7071067811865476,historical_bracket,outputs/run_20260822T023108_pca_s0_c0p7071067811865476/pca.json,outputs/run_20260822T023108_pca_s0_c0p7071067811865476/moral_demos.jsonl,2.1465,0.30425,0.75075,True,True
pca,0,+C,0.7937005259840998,historical_bracket,outputs/run_20260821T224312_pca_s0_c0p7937005259840998/pca.json,outputs/run_20260821T224312_pca_s0_c0p7937005259840998/moral_demos.jsonl,2.6405,0.3675,0.8425,True,True
pca,0,+C,0.8908987181403393,historical_bracket,outputs/run_20260821T224423_pca_s0_c0p8908987181403393/pca.json,outputs/run_20260821T224423_pca_s0_c0p8908987181403393/moral_demos.jsonl,3.43375,0.45375,0.94075,True,True
pca,0,+C,1.0,historical_bracket,outputs/run_20260822T023222_pca_s0_c1p0/pca.json,outputs/run_20260822T023222_pca_s0_c1p0/moral_demos.jsonl,3.985,0.7165,1.26475,True,True
pca,0,+C,1.122462048309373,historical_bracket,outputs/run_20260821T224531_pca_s0_c1p122462048309373/pca.json,outputs/run_20260821T224531_pca_s0_c1p122462048309373/moral_demos.jsonl,4.08075,0.9495,1.502,True,False
pca,0,+C,1.2599210498948732,historical_bracket,outputs/run_20260821T224634_pca_s0_c1p2599210498948732/pca.json,outputs/run_20260821T224634_pca_s0_c1p2599210498948732/moral_demos.jsonl,3.908,1.3034999999999999,1.85075,True,False
pca,0,+C,1.4142135623730951,historical_bracket,outputs/run_20260822T023339_pca_s0_c1p4142135623730951/pca.json,outputs/run_20260822T023339_pca_s0_c1p4142135623730951/moral_demos.jsonl,3.541755,1.6217249999999999,2.21175,True,False
pca,0,-C,0.44544935907016964,historical_bracket,outputs/run_20260821T223950_pca_s0_c0p44544935907016964/pca.json,outputs/run_20260821T223950_pca_s0_c0p44544935907016964/moral_demos.jsonl,0.421,0.03400000000000001,0.8495,True,True
pca,0,-C,0.5,historical_bracket,outputs/run_20260822T022957_pca_s0_c0p5/pca.json,outputs/run_20260822T022957_pca_s0_c0p5/moral_demos.jsonl,0.41625,0.022500000000000003,0.88125,True,True
pca,0,-C,0.5612310241546865,historical_bracket,outputs/run_20260821T224100_pca_s0_c0p5612310241546865/pca.json,outputs/run_20260821T224100_pca_s0_c0p5612310241546865/moral_demos.jsonl,0.21050000000000005,0.031500000000000014,0.97875,True,True
pca,0,-C,0.6299605249474366,historical_bracket,outputs/run_20260821T224207_pca_s0_c0p6299605249474366/pca.json,outputs/run_20260821T224207_pca_s0_c0p6299605249474366/moral_demos.jsonl,0.21000000000000002,0.038499999999999986,0.9995,True,True
pca,0,-C,0.7071067811865476,historical_bracket,outputs/run_20260822T023108_pca_s0_c0p7071067811865476/pca.json,outputs/run_20260822T023108_pca_s0_c0p7071067811865476/moral_demos.jsonl,0.7195,0.27175,1.27375,True,True
pca,0,-C,0.7937005259840998,historical_bracket,outputs/run_20260821T224312_pca_s0_c0p7937005259840998/pca.json,outputs/run_20260821T224312_pca_s0_c0p7937005259840998/moral_demos.jsonl,1.28975,0.45425,1.46175,True,True
pca,0,-C,0.8908987181403393,historical_bracket,outputs/run_20260821T224423_pca_s0_c0p8908987181403393/pca.json,outputs/run_20260821T224423_pca_s0_c0p8908987181403393/moral_demos.jsonl,0.9057499999999999,0.79225,1.72725,True,False
pca,0,-C,1.0,historical_bracket,outputs/run_20260822T023222_pca_s0_c1p0/pca.json,outputs/run_20260822T023222_pca_s0_c1p0/moral_demos.jsonl,1.58025,1.11275,2.0075,True,False
pca,0,-C,1.122462048309373,historical_bracket,outputs/run_20260821T224531_pca_s0_c1p122462048309373/pca.json,outputs/run_20260821T224531_pca_s0_c1p122462048309373/moral_demos.jsonl,1.21525,1.5559999999999998,2.41625,True,False
pca,0,-C,1.2599210498948732,historical_bracket,outputs/run_20260821T224634_pca_s0_c1p2599210498948732/pca.json,outputs/run_20260821T224634_pca_s0_c1p2599210498948732/moral_demos.jsonl,1.07075,1.9805,2.8409999999999997,True,False
pca,0,-C,1.4142135623730951,historical_bracket,outputs/run_20260822T023339_pca_s0_c1p4142135623730951/pca.json,outputs/run_20260822T023339_pca_s0_c1p4142135623730951/moral_demos.jsonl,1.124,2.7885,3.5355,True,False
pca,1,+C,0.44544935907016964,historical_bracket,outputs/run_20260821T223957_pca_s1_c0p44544935907016964/pca.json,outputs/run_20260821T223957_pca_s1_c0p44544935907016964/moral_demos.jsonl,1.1565,0.12125000000000001,0.5680000000000001,True,True
pca,1,+C,0.5,historical_bracket,outputs/run_20260821T224106_pca_s1_c0p5/pca.json,outputs/run_20260821T224106_pca_s1_c0p5/moral_demos.jsonl,1.46125,0.17175,0.58525,True,True
pca,1,+C,0.5612310241546865,historical_bracket,outputs/run_20260821T224211_pca_s1_c0p5612310241546865/pca.json,outputs/run_20260821T224211_pca_s1_c0p5612310241546865/moral_demos.jsonl,1.5075,0.17375,0.676,True,True
pca,1,+C,0.6299605249474366,historical_bracket,outputs/run_20260821T224316_pca_s1_c0p6299605249474366/pca.json,outputs/run_20260821T224316_pca_s1_c0p6299605249474366/moral_demos.jsonl,1.83,0.28450000000000003,0.7495,True,True
pca,1,+C,0.7071067811865476,historical_bracket,outputs/run_20260821T224425_pca_s1_c0p7071067811865476/pca.json,outputs/run_20260821T224425_pca_s1_c0p7071067811865476/moral_demos.jsonl,2.165,0.27275,0.74875,True,True
pca,1,+C,0.7937005259840998,historical_bracket,outputs/run_20260821T224537_pca_s1_c0p7937005259840998/pca.json,outputs/run_20260821T224537_pca_s1_c0p7937005259840998/moral_demos.jsonl,2.70525,0.3465,0.826,True,True
pca,1,+C,0.8908987181403393,historical_bracket,outputs/run_20260821T224646_pca_s1_c0p8908987181403393/pca.json,outputs/run_20260821T224646_pca_s1_c0p8908987181403393/moral_demos.jsonl,3.528,0.49225,1.0035,True,True
pca,1,+C,1.0,historical_bracket,outputs/run_20260821T224754_pca_s1_c1p0/pca.json,outputs/run_20260821T224754_pca_s1_c1p0/moral_demos.jsonl,4.0355,0.69925,1.2465,True,True
pca,1,+C,1.122462048309373,historical_bracket,outputs/run_20260821T224902_pca_s1_c1p122462048309373/pca.json,outputs/run_20260821T224902_pca_s1_c1p122462048309373/moral_demos.jsonl,4.13075,0.92675,1.47225,True,True
pca,1,+C,1.2599210498948732,historical_bracket,outputs/run_20260821T225043_pca_s1_c1p2599210498948732/pca.json,outputs/run_20260821T225043_pca_s1_c1p2599210498948732/moral_demos.jsonl,3.90175,1.328,1.86225,True,False
pca,1,+C,1.4142135623730951,historical_bracket,outputs/run_20260821T225230_pca_s1_c1p4142135623730951/pca.json,outputs/run_20260821T225230_pca_s1_c1p4142135623730951/moral_demos.jsonl,3.591505,1.649225,2.2265,True,False
pca,1,-C,0.44544935907016964,historical_bracket,outputs/run_20260821T223957_pca_s1_c0p44544935907016964/pca.json,outputs/run_20260821T223957_pca_s1_c0p44544935907016964/moral_demos.jsonl,0.20875000000000002,0.02675,0.86875,True,True
pca,1,-C,0.5,historical_bracket,outputs/run_20260821T224106_pca_s1_c0p5/pca.json,outputs/run_20260821T224106_pca_s1_c0p5/moral_demos.jsonl,0.6355000000000001,0.099,0.8365,True,True
pca,1,-C,0.5612310241546865,historical_bracket,outputs/run_20260821T224211_pca_s1_c0p5612310241546865/pca.json,outputs/run_20260821T224211_pca_s1_c0p5612310241546865/moral_demos.jsonl,0.34225,0.0645,0.921,True,True
pca,1,-C,0.6299605249474366,historical_bracket,outputs/run_20260821T224316_pca_s1_c0p6299605249474366/pca.json,outputs/run_20260821T224316_pca_s1_c0p6299605249474366/moral_demos.jsonl,0.215,0.030749999999999986,1.0045,True,True
pca,1,-C,0.7071067811865476,historical_bracket,outputs/run_20260821T224425_pca_s1_c0p7071067811865476/pca.json,outputs/run_20260821T224425_pca_s1_c0p7071067811865476/moral_demos.jsonl,0.90375,0.22449999999999998,1.21625,True,True
pca,1,-C,0.7937005259840998,historical_bracket,outputs/run_20260821T224537_pca_s1_c0p7937005259840998/pca.json,outputs/run_20260821T224537_pca_s1_c0p7937005259840998/moral_demos.jsonl,1.21325,0.45375,1.45375,True,True
pca,1,-C,0.8908987181403393,historical_bracket,outputs/run_20260821T224646_pca_s1_c0p8908987181403393/pca.json,outputs/run_20260821T224646_pca_s1_c0p8908987181403393/moral_demos.jsonl,0.544,0.79175,1.7075,True,False
pca,1,-C,1.0,historical_bracket,outputs/run_20260821T224754_pca_s1_c1p0/pca.json,outputs/run_20260821T224754_pca_s1_c1p0/moral_demos.jsonl,1.5115,1.10675,1.94175,True,False
pca,1,-C,1.122462048309373,historical_bracket,outputs/run_20260821T224902_pca_s1_c1p122462048309373/pca.json,outputs/run_20260821T224902_pca_s1_c1p122462048309373/moral_demos.jsonl,1.3195000000000001,1.4874999999999998,2.379,True,False
pca,1,-C,1.2599210498948732,historical_bracket,outputs/run_20260821T225043_pca_s1_c1p2599210498948732/pca.json,outputs/run_20260821T225043_pca_s1_c1p2599210498948732/moral_demos.jsonl,1.38775,1.85225,2.75325,True,False
pca,1,-C,1.4142135623730951,historical_bracket,outputs/run_20260821T225230_pca_s1_c1p4142135623730951/pca.json,outputs/run_20260821T225230_pca_s1_c1p4142135623730951/moral_demos.jsonl,1.1560000000000001,2.689,3.48475,True,False
pca,2,+C,0.44544935907016964,historical_bracket,outputs/run_20260821T224054_pca_s2_c0p44544935907016964/pca.json,outputs/run_20260821T224054_pca_s2_c0p44544935907016964/moral_demos.jsonl,1.22925,0.178,0.59875,True,True
pca,2,+C,0.5,historical_bracket,outputs/run_20260821T224144_pca_s2_c0p5/pca.json,outputs/run_20260821T224144_pca_s2_c0p5/moral_demos.jsonl,1.57275,0.16475,0.615,True,True
pca,2,+C,0.5612310241546865,historical_bracket,outputs/run_20260821T224233_pca_s2_c0p5612310241546865/pca.json,outputs/run_20260821T224233_pca_s2_c0p5612310241546865/moral_demos.jsonl,1.603,0.206,0.67525,True,True
pca,2,+C,0.6299605249474366,historical_bracket,outputs/run_20260821T224323_pca_s2_c0p6299605249474366/pca.json,outputs/run_20260821T224323_pca_s2_c0p6299605249474366/moral_demos.jsonl,1.81025,0.2785,0.76575,True,True
pca,2,+C,0.7071067811865476,historical_bracket,outputs/run_20260821T224414_pca_s2_c0p7071067811865476/pca.json,outputs/run_20260821T224414_pca_s2_c0p7071067811865476/moral_demos.jsonl,2.179,0.295,0.74925,True,True
pca,2,+C,0.7937005259840998,historical_bracket,outputs/run_20260821T224519_pca_s2_c0p7937005259840998/pca.json,outputs/run_20260821T224519_pca_s2_c0p7937005259840998/moral_demos.jsonl,2.666,0.2745,0.76425,True,True
pca,2,+C,0.8908987181403393,historical_bracket,outputs/run_20260821T224614_pca_s2_c0p8908987181403393/pca.json,outputs/run_20260821T224614_pca_s2_c0p8908987181403393/moral_demos.jsonl,3.504,0.4925,1.013,True,True
pca,2,+C,1.0,historical_bracket,outputs/run_20260821T224707_pca_s2_c1p0/pca.json,outputs/run_20260821T224707_pca_s2_c1p0/moral_demos.jsonl,3.887,0.7505,1.2855,True,True
pca,2,+C,1.122462048309373,historical_bracket,outputs/run_20260821T224757_pca_s2_c1p122462048309373/pca.json,outputs/run_20260821T224757_pca_s2_c1p122462048309373/moral_demos.jsonl,4.1385,0.9,1.45625,True,True
pca,2,+C,1.2599210498948732,historical_bracket,outputs/run_20260821T224851_pca_s2_c1p2599210498948732/pca.json,outputs/run_20260821T224851_pca_s2_c1p2599210498948732/moral_demos.jsonl,3.9,1.2642499999999999,1.795,True,False
pca,2,+C,1.4142135623730951,historical_bracket,outputs/run_20260821T225005_pca_s2_c1p4142135623730951/pca.json,outputs/run_20260821T225005_pca_s2_c1p4142135623730951/moral_demos.jsonl,3.643255,1.567475,2.14875,True,False
pca,2,-C,0.44544935907016964,historical_bracket,outputs/run_20260821T224054_pca_s2_c0p44544935907016964/pca.json,outputs/run_20260821T224054_pca_s2_c0p44544935907016964/moral_demos.jsonl,0.28225,0.017250000000000005,0.86775,True,True
pca,2,-C,0.5,historical_bracket,outputs/run_20260821T224144_pca_s2_c0p5/pca.json,outputs/run_20260821T224144_pca_s2_c0p5/moral_demos.jsonl,0.5347500000000001,0.061750000000000006,0.8562500000000001,True,True
pca,2,-C,0.5612310241546865,historical_bracket,outputs/run_20260821T224233_pca_s2_c0p5612310241546865/pca.json,outputs/run_20260821T224233_pca_s2_c0p5612310241546865/moral_demos.jsonl,0.40275,0.03125000000000001,0.933,True,True
pca,2,-C,0.6299605249474366,historical_bracket,outputs/run_20260821T224323_pca_s2_c0p6299605249474366/pca.json,outputs/run_20260821T224323_pca_s2_c0p6299605249474366/moral_demos.jsonl,0.31250000000000006,0.01774999999999999,1.008,True,True
pca,2,-C,0.7071067811865476,historical_bracket,outputs/run_20260821T224414_pca_s2_c0p7071067811865476/pca.json,outputs/run_20260821T224414_pca_s2_c0p7071067811865476/moral_demos.jsonl,0.6767500000000001,0.24275,1.25675,True,True
pca,2,-C,0.7937005259840998,historical_bracket,outputs/run_20260821T224519_pca_s2_c0p7937005259840998/pca.json,outputs/run_20260821T224519_pca_s2_c0p7937005259840998/moral_demos.jsonl,0.94375,0.44675,1.47875,True,True
pca,2,-C,0.8908987181403393,historical_bracket,outputs/run_20260821T224614_pca_s2_c0p8908987181403393/pca.json,outputs/run_20260821T224614_pca_s2_c0p8908987181403393/moral_demos.jsonl,0.684,0.7335,1.72275,True,False
pca,2,-C,1.0,historical_bracket,outputs/run_20260821T224707_pca_s2_c1p0/pca.json,outputs/run_20260821T224707_pca_s2_c1p0/moral_demos.jsonl,1.43425,1.0614999999999999,1.9657499999999999,True,False
pca,2,-C,1.122462048309373,historical_bracket,outputs/run_20260821T224757_pca_s2_c1p122462048309373/pca.json,outputs/run_20260821T224757_pca_s2_c1p122462048309373/moral_demos.jsonl,1.3485,1.5147499999999998,2.379,True,False
pca,2,-C,1.2599210498948732,historical_bracket,outputs/run_20260821T224851_pca_s2_c1p2599210498948732/pca.json,outputs/run_20260821T224851_pca_s2_c1p2599210498948732/moral_demos.jsonl,1.0635,1.9415,2.79325,True,False
pca,2,-C,1.4142135623730951,historical_bracket,outputs/run_20260821T225005_pca_s2_c1p4142135623730951/pca.json,outputs/run_20260821T225005_pca_s2_c1p4142135623730951/moral_demos.jsonl,1.216,2.674505,3.4280049999999997,True,False
vjp_delta,0,+C,0.3968502629920499,continuation_certificate,outputs/run_20260828T095239_vjp_delta_s0_+c0p3968502629920499/vjp_delta.json,outputs/run_20260828T095239_vjp_delta_s0_+c0p3968502629920499/moral_demos.jsonl,3.68,0.29175,0.77675,True,True
vjp_delta,0,+C,0.44544935907016964,continuation_certificate,outputs/run_20260828T095318_vjp_delta_s0_+c0p44544935907016964/vjp_delta.json,outputs/run_20260828T095318_vjp_delta_s0_+c0p44544935907016964/moral_demos.jsonl,3.80225,0.321,0.82925,True,True
vjp_delta,0,+C,0.5,continuation_certificate,outputs/run_20260828T095413_vjp_delta_s0_+c0p5/vjp_delta.json,outputs/run_20260828T095413_vjp_delta_s0_+c0p5/moral_demos.jsonl,3.65854125,0.3048,0.867,True,True
vjp_delta,0,+C,0.5612310241546865,continuation_certificate,outputs/run_20260828T095453_vjp_delta_s0_+c0p5612310241546865/vjp_delta.json,outputs/run_20260828T095453_vjp_delta_s0_+c0p5612310241546865/moral_demos.jsonl,3.7545,0.49924999999999997,1.05075,True,True
vjp_delta,0,+C,0.6299605249474366,continuation_certificate,outputs/run_20260828T095517_vjp_delta_s0_+c0p6299605249474366/vjp_delta.json,outputs/run_20260828T095517_vjp_delta_s0_+c0p6299605249474366/moral_demos.jsonl,3.74375,0.6775,1.24525,True,True
vjp_delta,0,+C,0.7071067811865476,continuation_certificate,outputs/run_20260828T095540_vjp_delta_s0_+c0p7071067811865476/vjp_delta.json,outputs/run_20260828T095540_vjp_delta_s0_+c0p7071067811865476/moral_demos.jsonl,3.31925,1.2254975,1.79075,True,False
vjp_delta,0,+C,0.7937005259840998,continuation_certificate,outputs/run_20260828T095602_vjp_delta_s0_+c0p7937005259840998/vjp_delta.json,outputs/run_20260828T095602_vjp_delta_s0_+c0p7937005259840998/moral_demos.jsonl,3.158,1.6412499999999999,2.22625,True,False
vjp_delta,0,+C,0.8908987181403393,continuation_certificate,outputs/run_20260828T095624_vjp_delta_s0_+c0p8908987181403393/vjp_delta.json,outputs/run_20260828T095624_vjp_delta_s0_+c0p8908987181403393/moral_demos.jsonl,2.7525,2.28475,2.86,True,False
vjp_delta,0,+C,1.0,continuation_certificate,outputs/run_20260828T095646_vjp_delta_s0_+c1p0/vjp_delta.json,outputs/run_20260828T095646_vjp_delta_s0_+c1p0/moral_demos.jsonl,1.8980000000000001,3.066,3.63575,True,False
vjp_delta,0,+C,1.122462048309373,continuation_certificate,outputs/run_20260828T095650_vjp_delta_s0_+c1p122462048309373/vjp_delta.json,outputs/run_20260828T095650_vjp_delta_s0_+c1p122462048309373/moral_demos.jsonl,1.02225,3.8212499999999996,4.3235,True,False
vjp_delta,0,+C,1.1378766893474968,continuation_certificate,outputs/run_20260828T095217_vjp_delta_s0_+c1p1378766893474968/vjp_delta.json,outputs/run_20260828T095217_vjp_delta_s0_+c1p1378766893474968/moral_demos.jsonl,0.97675,3.91825,4.425,True,False
vjp_delta,0,-C,0.125,historical_bracket,outputs/run_20260822T022625_vjp_delta_s0_c0p125/vjp_delta.json,outputs/run_20260822T022625_vjp_delta_s0_c0p125/moral_demos.jsonl,1.23127925,0.12325,0.7045,True,True
vjp_delta,0,-C,0.1403077560386716,historical_bracket,outputs/run_20260821T233037_vjp_delta_s0_c0p1403077560386716/vjp_delta.json,outputs/run_20260821T233037_vjp_delta_s0_c0p1403077560386716/moral_demos.jsonl,1.23,0.10125,0.7485,True,True
vjp_delta,0,-C,0.15749013123685915,historical_bracket,outputs/run_20260821T233250_vjp_delta_s0_c0p15749013123685915/vjp_delta.json,outputs/run_20260821T233250_vjp_delta_s0_c0p15749013123685915/moral_demos.jsonl,1.49575,0.12025,0.7555,True,True
vjp_delta,0,-C,0.1767766952966369,historical_bracket,outputs/run_20260822T022812_vjp_delta_s0_c0p1767766952966369/vjp_delta.json,outputs/run_20260822T022812_vjp_delta_s0_c0p1767766952966369/moral_demos.jsonl,1.88,0.016000000000000007,0.907,True,True
vjp_delta,0,-C,0.19842513149602492,historical_bracket,outputs/run_20260821T233453_vjp_delta_s0_c0p19842513149602492/vjp_delta.json,outputs/run_20260821T233453_vjp_delta_s0_c0p19842513149602492/moral_demos.jsonl,1.6425,0.15324999999999997,1.076,True,True
vjp_delta,0,-C,0.22272467953508485,historical_bracket,outputs/run_20260821T233835_vjp_delta_s0_c0p22272467953508485/vjp_delta.json,outputs/run_20260821T233835_vjp_delta_s0_c0p22272467953508485/moral_demos.jsonl,1.14075,0.608,1.46075,True,True
vjp_delta,1,+C,0.3968502629920499,continuation_certificate,outputs/run_20260828T095321_vjp_delta_s1_+c0p3968502629920499/vjp_delta.json,outputs/run_20260828T095321_vjp_delta_s1_+c0p3968502629920499/moral_demos.jsonl,3.6414999999999997,0.259,0.7785,True,True
vjp_delta,1,+C,0.44544935907016964,continuation_certificate,outputs/run_20260828T095412_vjp_delta_s1_+c0p44544935907016964/vjp_delta.json,outputs/run_20260828T095412_vjp_delta_s1_+c0p44544935907016964/moral_demos.jsonl,3.7895,0.26725,0.751,True,True
vjp_delta,1,+C,0.5,continuation_certificate,outputs/run_20260828T095522_vjp_delta_s1_+c0p5/vjp_delta.json,outputs/run_20260828T095522_vjp_delta_s1_+c0p5/moral_demos.jsonl,3.6575,0.3615,0.914,True,True
vjp_delta,1,+C,0.5612310241546865,continuation_certificate,outputs/run_20260828T095613_vjp_delta_s1_+c0p5612310241546865/vjp_delta.json,outputs/run_20260828T095613_vjp_delta_s1_+c0p5612310241546865/moral_demos.jsonl,3.7425,0.573,1.125,True,True
vjp_delta,1,+C,0.6299605249474366,continuation_certificate,outputs/run_20260828T095643_vjp_delta_s1_+c0p6299605249474366/vjp_delta.json,outputs/run_20260828T095643_vjp_delta_s1_+c0p6299605249474366/moral_demos.jsonl,3.65775,0.7205,1.3125,True,True
vjp_delta,1,+C,0.7071067811865476,continuation_certificate,outputs/run_20260828T095712_vjp_delta_s1_+c0p7071067811865476/vjp_delta.json,outputs/run_20260828T095712_vjp_delta_s1_+c0p7071067811865476/moral_demos.jsonl,3.34325,1.2459974999999999,1.804,True,False
vjp_delta,1,+C,0.7937005259840998,continuation_certificate,outputs/run_20260828T095741_vjp_delta_s1_+c0p7937005259840998/vjp_delta.json,outputs/run_20260828T095741_vjp_delta_s1_+c0p7937005259840998/moral_demos.jsonl,3.09225,1.573,2.1785,True,False
vjp_delta,1,+C,0.8908987181403393,continuation_certificate,outputs/run_20260828T095809_vjp_delta_s1_+c0p8908987181403393/vjp_delta.json,outputs/run_20260828T095809_vjp_delta_s1_+c0p8908987181403393/moral_demos.jsonl,2.64975,2.32125,2.89225,True,False
vjp_delta,1,+C,1.0,continuation_certificate,outputs/run_20260828T095837_vjp_delta_s1_+c1p0/vjp_delta.json,outputs/run_20260828T095837_vjp_delta_s1_+c1p0/moral_demos.jsonl,1.67475,2.98175,3.5675,True,False
vjp_delta,1,+C,1.122462048309373,continuation_certificate,outputs/run_20260828T095843_vjp_delta_s1_+c1p122462048309373/vjp_delta.json,outputs/run_20260828T095843_vjp_delta_s1_+c1p122462048309373/moral_demos.jsonl,1.07625,3.8137499999999998,4.33225,True,False
vjp_delta,1,+C,1.2247131463767214,continuation_certificate,outputs/run_20260828T095227_vjp_delta_s1_+c1p2247131463767214/vjp_delta.json,outputs/run_20260828T095227_vjp_delta_s1_+c1p2247131463767214/moral_demos.jsonl,0.7895,4.1185,4.60575,True,False
vjp_delta,1,-C,0.1403077560386716,historical_bracket,outputs/run_20260822T023727_vjp_delta_s1_c0p1403077560386716/vjp_delta.json,outputs/run_20260822T023727_vjp_delta_s1_c0p1403077560386716/moral_demos.jsonl,1.2675,0.08150000000000002,0.80775,True,True
vjp_delta,1,-C,0.15749013123685915,historical_bracket,outputs/run_20260822T023853_vjp_delta_s1_c0p15749013123685915/vjp_delta.json,outputs/run_20260822T023853_vjp_delta_s1_c0p15749013123685915/moral_demos.jsonl,1.53225,0.0935,0.78525,True,True
vjp_delta,1,-C,0.1767766952966369,historical_bracket,outputs/run_20260822T024028_vjp_delta_s1_c0p1767766952966369/vjp_delta.json,outputs/run_20260822T024028_vjp_delta_s1_c0p1767766952966369/moral_demos.jsonl,1.8892499999999999,0.009000000000000011,0.9475,True,True
vjp_delta,1,-C,0.19842513149602492,historical_bracket,outputs/run_20260822T024251_vjp_delta_s1_c0p19842513149602492/vjp_delta.json,outputs/run_20260822T024251_vjp_delta_s1_c0p19842513149602492/moral_demos.jsonl,1.726,0.033749999999999995,0.972,True,True
vjp_delta,1,-C,0.22272467953508485,historical_bracket,outputs/run_20260822T024509_vjp_delta_s1_c0p22272467953508485/vjp_delta.json,outputs/run_20260822T024509_vjp_delta_s1_c0p22272467953508485/moral_demos.jsonl,1.13375,0.6467499999999999,1.52375,True,False
vjp_delta,1,-C,0.25,historical_bracket,outputs/run_20260822T024726_vjp_delta_s1_c0p25/vjp_delta.json,outputs/run_20260822T024726_vjp_delta_s1_c0p25/moral_demos.jsonl,0.22075,1.7507499999999998,2.551,True,False
vjp_delta,2,+C,0.3968502629920499,continuation_certificate,outputs/run_20260828T095300_vjp_delta_s2_+c0p3968502629920499/vjp_delta.json,outputs/run_20260828T095300_vjp_delta_s2_+c0p3968502629920499/moral_demos.jsonl,3.6315,0.31925,0.812,True,True
vjp_delta,2,+C,0.44544935907016964,continuation_certificate,outputs/run_20260828T095347_vjp_delta_s2_+c0p44544935907016964/vjp_delta.json,outputs/run_20260828T095347_vjp_delta_s2_+c0p44544935907016964/moral_demos.jsonl,3.827,0.35325,0.841,True,True
vjp_delta,2,+C,0.5,continuation_certificate,outputs/run_20260828T095454_vjp_delta_s2_+c0p5/vjp_delta.json,outputs/run_20260828T095454_vjp_delta_s2_+c0p5/moral_demos.jsonl,3.69439125,0.3755,0.93425,True,True
vjp_delta,2,+C,0.5612310241546865,continuation_certificate,outputs/run_20260828T095541_vjp_delta_s2_+c0p5612310241546865/vjp_delta.json,outputs/run_20260828T095541_vjp_delta_s2_+c0p5612310241546865/moral_demos.jsonl,3.723,0.543,1.0975,True,True
vjp_delta,2,+C,0.6299605249474366,continuation_certificate,outputs/run_20260828T095610_vjp_delta_s2_+c0p6299605249474366/vjp_delta.json,outputs/run_20260828T095610_vjp_delta_s2_+c0p6299605249474366/moral_demos.jsonl,3.74425,0.694,1.285,True,True
vjp_delta,2,+C,0.7071067811865476,continuation_certificate,outputs/run_20260828T095638_vjp_delta_s2_+c0p7071067811865476/vjp_delta.json,outputs/run_20260828T095638_vjp_delta_s2_+c0p7071067811865476/moral_demos.jsonl,3.34925,1.2647475,1.83625,True,False
vjp_delta,2,+C,0.7937005259840998,continuation_certificate,outputs/run_20260828T095705_vjp_delta_s2_+c0p7937005259840998/vjp_delta.json,outputs/run_20260828T095705_vjp_delta_s2_+c0p7937005259840998/moral_demos.jsonl,3.159,1.661,2.243,True,False
vjp_delta,2,+C,0.8908987181403393,continuation_certificate,outputs/run_20260828T095731_vjp_delta_s2_+c0p8908987181403393/vjp_delta.json,outputs/run_20260828T095731_vjp_delta_s2_+c0p8908987181403393/moral_demos.jsonl,2.7395,2.28525,2.8635,True,False
vjp_delta,2,+C,1.0,continuation_certificate,outputs/run_20260828T095756_vjp_delta_s2_+c1p0/vjp_delta.json,outputs/run_20260828T095756_vjp_delta_s2_+c1p0/moral_demos.jsonl,1.7550000000000001,3.0519999999999996,3.635,True,False
vjp_delta,2,+C,1.122462048309373,continuation_certificate,outputs/run_20260828T095802_vjp_delta_s2_+c1p122462048309373/vjp_delta.json,outputs/run_20260828T095802_vjp_delta_s2_+c1p122462048309373/moral_demos.jsonl,1.11175,3.8067499999999996,4.316,True,False
vjp_delta,2,+C,1.1835842505092786,continuation_certificate,outputs/run_20260828T095254_vjp_delta_s2_+c1p1835842505092786/vjp_delta.json,outputs/run_20260828T095254_vjp_delta_s2_+c1p1835842505092786/moral_demos.jsonl,1.0055,4.132,4.59675,True,False
vjp_delta,2,-C,0.125,historical_bracket,outputs/run_20260822T022436_vjp_delta_s2_c0p125/vjp_delta.json,outputs/run_20260822T022436_vjp_delta_s2_c0p125/moral_demos.jsonl,1.22077925,0.09875,0.74,True,True
vjp_delta,2,-C,0.1403077560386716,historical_bracket,outputs/run_20260821T232911_vjp_delta_s2_c0p1403077560386716/vjp_delta.json,outputs/run_20260821T232911_vjp_delta_s2_c0p1403077560386716/moral_demos.jsonl,1.26275,0.08,0.7605,True,True
vjp_delta,2,-C,0.15749013123685915,historical_bracket,outputs/run_20260821T233135_vjp_delta_s2_c0p15749013123685915/vjp_delta.json,outputs/run_20260821T233135_vjp_delta_s2_c0p15749013123685915/moral_demos.jsonl,1.43925,0.09275000000000001,0.7807499999999999,True,True
vjp_delta,2,-C,0.1767766952966369,historical_bracket,outputs/run_20260822T022604_vjp_delta_s2_c0p1767766952966369/vjp_delta.json,outputs/run_20260822T022604_vjp_delta_s2_c0p1767766952966369/moral_demos.jsonl,1.88025,0.03049999999999999,0.94575,True,True
vjp_delta,2,-C,0.19842513149602492,historical_bracket,outputs/run_20260821T233334_vjp_delta_s2_c0p19842513149602492/vjp_delta.json,outputs/run_20260821T233334_vjp_delta_s2_c0p19842513149602492/moral_demos.jsonl,1.589,0.17024999999999998,1.07025,True,True
vjp_delta,2,-C,0.22272467953508485,historical_bracket,outputs/run_20260821T233640_vjp_delta_s2_c0p22272467953508485/vjp_delta.json,outputs/run_20260821T233640_vjp_delta_s2_c0p22272467953508485/moral_demos.jsonl,1.14275,0.6815,1.54025,True,False
vjp_mlp_up_shrink,0,+C,3.563594872561357,continuation_certificate,outputs/run_20260828T095604_vjp_mlp_up_shrink_s0_+c3p563594872561357/vjp_mlp_up_shrink.json,outputs/run_20260828T095604_vjp_mlp_up_shrink_s0_+c3p563594872561357/moral_demos.jsonl,0.9987499999999999,0.014975,0.45875,True,True
vjp_mlp_up_shrink,0,+C,4.0,continuation_certificate,outputs/run_20260828T095615_vjp_mlp_up_shrink_s0_+c4p0/vjp_mlp_up_shrink.json,outputs/run_20260828T095615_vjp_mlp_up_shrink_s0_+c4p0/moral_demos.jsonl,1.0407499999999998,0.0006576550000000019,0.475867345,True,True
vjp_mlp_up_shrink,0,+C,4.489848193237491,continuation_certificate,outputs/run_20260828T095628_vjp_mlp_up_shrink_s0_+c4p489848193237491/vjp_mlp_up_shrink.json,outputs/run_20260828T095628_vjp_mlp_up_shrink_s0_+c4p489848193237491/moral_demos.jsonl,1.0574999999999999,0.0032250000000000004,0.47350000000000003,True,True
vjp_mlp_up_shrink,0,+C,5.039684199579493,continuation_certificate,outputs/run_20260828T095639_vjp_mlp_up_shrink_s0_+c5p039684199579493/vjp_mlp_up_shrink.json,outputs/run_20260828T095639_vjp_mlp_up_shrink_s0_+c5p039684199579493/moral_demos.jsonl,1.36575,0.025367345000000006,0.463117345,True,True
vjp_mlp_up_shrink,0,+C,5.656854249492381,continuation_certificate,outputs/run_20260828T095650_vjp_mlp_up_shrink_s0_+c5p656854249492381/vjp_mlp_up_shrink.json,outputs/run_20260828T095650_vjp_mlp_up_shrink_s0_+c5p656854249492381/moral_demos.jsonl,1.276,0.01925,0.42075,True,True
vjp_mlp_up_shrink,0,+C,6.3496042078727974,continuation_certificate,outputs/run_20260828T095700_vjp_mlp_up_shrink_s0_+c6p3496042078727974/vjp_mlp_up_shrink.json,outputs/run_20260828T095700_vjp_mlp_up_shrink_s0_+c6p3496042078727974/moral_demos.jsonl,1.522,0.011249999999999994,0.43625,True,True
vjp_mlp_up_shrink,0,+C,7.127189745122715,continuation_certificate,outputs/run_20260828T095711_vjp_mlp_up_shrink_s0_+c7p127189745122715/vjp_mlp_up_shrink.json,outputs/run_20260828T095711_vjp_mlp_up_shrink_s0_+c7p127189745122715/moral_demos.jsonl,1.83375,0.033,0.48375,True,True
vjp_mlp_up_shrink,0,+C,8.0,continuation_certificate,outputs/run_20260828T095721_vjp_mlp_up_shrink_s0_+c8p0/vjp_mlp_up_shrink.json,outputs/run_20260828T095721_vjp_mlp_up_shrink_s0_+c8p0/moral_demos.jsonl,2.12025,0.018750000000000003,0.47000000000000003,True,True
vjp_mlp_up_shrink,0,+C,8.979696386474982,continuation_certificate,outputs/run_20260828T095732_vjp_mlp_up_shrink_s0_+c8p979696386474982/vjp_mlp_up_shrink.json,outputs/run_20260828T095732_vjp_mlp_up_shrink_s0_+c8p979696386474982/moral_demos.jsonl,2.33,0.06775,0.5105000000000001,True,True
vjp_mlp_up_shrink,0,+C,10.079368399158986,continuation_certificate,outputs/run_20260828T095742_vjp_mlp_up_shrink_s0_+c10p079368399158986/vjp_mlp_up_shrink.json,outputs/run_20260828T095742_vjp_mlp_up_shrink_s0_+c10p079368399158986/moral_demos.jsonl,2.3987499999999997,0.03275000000000001,0.47875,True,True
vjp_mlp_up_shrink,0,+C,11.313708498984761,continuation_certificate,outputs/run_20260828T095752_vjp_mlp_up_shrink_s0_+c11p313708498984761/vjp_mlp_up_shrink.json,outputs/run_20260828T095752_vjp_mlp_up_shrink_s0_+c11p313708498984761/moral_demos.jsonl,2.67525,0.08375,0.51975,True,True
vjp_mlp_up_shrink,0,+C,12.699208415745595,continuation_certificate,outputs/run_20260828T095802_vjp_mlp_up_shrink_s0_+c12p699208415745595/vjp_mlp_up_shrink.json,outputs/run_20260828T095802_vjp_mlp_up_shrink_s0_+c12p699208415745595/moral_demos.jsonl,2.81875,0.03525000000000002,0.505,True,True
vjp_mlp_up_shrink,0,+C,14.25437949024543,continuation_certificate,outputs/run_20260828T094945_vjp_mlp_up_shrink_s0_+c14p25437949024543/vjp_mlp_up_shrink.json,outputs/run_20260828T094945_vjp_mlp_up_shrink_s0_+c14p25437949024543/moral_demos.jsonl,3.02175,0.019500000000000017,0.5175000000000001,True,True
vjp_mlp_up_shrink,0,+C,16.0,continuation_certificate,outputs/run_20260828T095812_vjp_mlp_up_shrink_s0_+c16p0/vjp_mlp_up_shrink.json,outputs/run_20260828T095812_vjp_mlp_up_shrink_s0_+c16p0/moral_demos.jsonl,3.2105,0.129,0.59025,True,True
vjp_mlp_up_shrink,0,+C,17.959392772949972,continuation_certificate,outputs/run_20260828T095835_vjp_mlp_up_shrink_s0_+c17p959392772949972/vjp_mlp_up_shrink.json,outputs/run_20260828T095835_vjp_mlp_up_shrink_s0_+c17p959392772949972/moral_demos.jsonl,3.34225,0.12025,0.5815,True,True
vjp_mlp_up_shrink,0,+C,20.158736798317967,continuation_certificate,outputs/run_20260828T095847_vjp_mlp_up_shrink_s0_+c20p158736798317967/vjp_mlp_up_shrink.json,outputs/run_20260828T095847_vjp_mlp_up_shrink_s0_+c20p158736798317967/moral_demos.jsonl,3.53225,0.17825,0.65825,True,True
vjp_mlp_up_shrink,0,+C,22.627416997969522,continuation_certificate,outputs/run_20260828T095856_vjp_mlp_up_shrink_s0_+c22p627416997969522/vjp_mlp_up_shrink.json,outputs/run_20260828T095856_vjp_mlp_up_shrink_s0_+c22p627416997969522/moral_demos.jsonl,3.50025,0.40950000000000003,0.9077500000000001,True,True
vjp_mlp_up_shrink,0,+C,25.398416831491197,continuation_certificate,outputs/run_20260828T095936_vjp_mlp_up_shrink_s0_+c25p398416831491197/vjp_mlp_up_shrink.json,outputs/run_20260828T095936_vjp_mlp_up_shrink_s0_+c25p398416831491197/moral_demos.jsonl,3.48075,0.6365,1.1375,True,True
vjp_mlp_up_shrink,0,+C,28.508758980490853,continuation_certificate,outputs/run_20260828T095007_vjp_mlp_up_shrink_s0_+c28p50875898049086/vjp_mlp_up_shrink.json,outputs/run_20260828T095007_vjp_mlp_up_shrink_s0_+c28p50875898049086/moral_demos.jsonl,3.0985,1.0935,1.59775,True,False
vjp_mlp_up_shrink,0,+C,32.0,continuation_certificate,outputs/run_20260828T100027_vjp_mlp_up_shrink_s0_+c32p0/vjp_mlp_up_shrink.json,outputs/run_20260828T100027_vjp_mlp_up_shrink_s0_+c32p0/moral_demos.jsonl,2.425,1.692,2.18525,True,False
vjp_mlp_up_shrink,0,+C,32.15876153471858,continuation_certificate,outputs/run_20260828T095501_vjp_mlp_up_shrink_s0_+c32p15876153471858/vjp_mlp_up_shrink.json,outputs/run_20260828T095501_vjp_mlp_up_shrink_s0_+c32p15876153471858/moral_demos.jsonl,2.483,1.6775,2.19475,True,False
vjp_mlp_up_shrink,0,-C,1.5874010519681994,historical_bracket,outputs/run_20260828T024359_vjp_mlp_up_shrink_s0_c1p5874010519681994/vjp_mlp_up_shrink.json,outputs/run_20260828T024359_vjp_mlp_up_shrink_s0_c1p5874010519681994/moral_demos.jsonl,0.389925,0.026500000000000003,0.784,True,True
vjp_mlp_up_shrink,0,-C,1.7817974362806785,historical_bracket,outputs/run_20260828T024530_vjp_mlp_up_shrink_s0_c1p7817974362806785/vjp_mlp_up_shrink.json,outputs/run_20260828T024530_vjp_mlp_up_shrink_s0_c1p7817974362806785/moral_demos.jsonl,0.3966475,0.009497499999999994,0.8425,True,True
vjp_mlp_up_shrink,0,-C,2.0,historical_bracket,outputs/run_20260828T024658_vjp_mlp_up_shrink_s0_c2p0/vjp_mlp_up_shrink.json,outputs/run_20260828T024658_vjp_mlp_up_shrink_s0_c2p0/moral_demos.jsonl,0.340175,0.005250000000000008,0.85175,True,True
vjp_mlp_up_shrink,0,-C,2.244924096618746,historical_bracket,outputs/run_20260828T024826_vjp_mlp_up_shrink_s0_c2p244924096618746/vjp_mlp_up_shrink.json,outputs/run_20260828T024826_vjp_mlp_up_shrink_s0_c2p244924096618746/moral_demos.jsonl,0.571675,0.0635025,0.82475,True,True
vjp_mlp_up_shrink,0,-C,2.5198420997897464,historical_bracket,outputs/run_20260828T024952_vjp_mlp_up_shrink_s0_c2p5198420997897464/vjp_mlp_up_shrink.json,outputs/run_20260828T024952_vjp_mlp_up_shrink_s0_c2p5198420997897464/moral_demos.jsonl,0.682925,0.05100000000000002,0.8270000000000001,True,True
vjp_mlp_up_shrink,0,-C,2.8284271247461903,historical_bracket,outputs/run_20260828T025120_vjp_mlp_up_shrink_s0_c2p8284271247461903/vjp_mlp_up_shrink.json,outputs/run_20260828T025120_vjp_mlp_up_shrink_s0_c2p8284271247461903/moral_demos.jsonl,0.796,0.024000000000000014,0.894,True,True
vjp_mlp_up_shrink,0,-C,3.174802103936399,historical_bracket,outputs/run_20260828T025249_vjp_mlp_up_shrink_s0_c3p174802103936399/vjp_mlp_up_shrink.json,outputs/run_20260828T025249_vjp_mlp_up_shrink_s0_c3p174802103936399/moral_demos.jsonl,0.96475,0.08625,0.76975,True,True
vjp_mlp_up_shrink,0,-C,3.563594872561357,historical_bracket,outputs/run_20260828T025417_vjp_mlp_up_shrink_s0_c3p563594872561357/vjp_mlp_up_shrink.json,outputs/run_20260828T025417_vjp_mlp_up_shrink_s0_c3p563594872561357/moral_demos.jsonl,0.944,0.11575,0.759,True,True
vjp_mlp_up_shrink,0,-C,4.0,historical_bracket,outputs/run_20260828T025550_vjp_mlp_up_shrink_s0_c4p0/vjp_mlp_up_shrink.json,outputs/run_20260828T025550_vjp_mlp_up_shrink_s0_c4p0/moral_demos.jsonl,0.94575,0.09775,0.7867500000000001,True,True
vjp_mlp_up_shrink,0,-C,4.489848193237491,historical_bracket,outputs/run_20260828T025727_vjp_mlp_up_shrink_s0_c4p489848193237491/vjp_mlp_up_shrink.json,outputs/run_20260828T025727_vjp_mlp_up_shrink_s0_c4p489848193237491/moral_demos.jsonl,1.19625,0.16175,0.711,True,True
vjp_mlp_up_shrink,0,-C,5.039684199579493,historical_bracket,outputs/run_20260828T025859_vjp_mlp_up_shrink_s0_c5p039684199579493/vjp_mlp_up_shrink.json,outputs/run_20260828T025859_vjp_mlp_up_shrink_s0_c5p039684199579493/moral_demos.jsonl,1.3507500000000001,0.1685,0.70025,True,True
vjp_mlp_up_shrink,0,-C,5.656854249492381,historical_bracket,outputs/run_20260828T030031_vjp_mlp_up_shrink_s0_c5p656854249492381/vjp_mlp_up_shrink.json,outputs/run_20260828T030031_vjp_mlp_up_shrink_s0_c5p656854249492381/moral_demos.jsonl,1.307,0.09075000000000001,0.7635,True,True
vjp_mlp_up_shrink,0,-C,6.3496042078727974,historical_bracket,outputs/run_20260828T030232_vjp_mlp_up_shrink_s0_c6p3496042078727974/vjp_mlp_up_shrink.json,outputs/run_20260828T030232_vjp_mlp_up_shrink_s0_c6p3496042078727974/moral_demos.jsonl,1.35325,0.09125,0.831,True,True
vjp_mlp_up_shrink,0,-C,7.127189745122715,historical_bracket,outputs/run_20260828T030442_vjp_mlp_up_shrink_s0_c7p127189745122715/vjp_mlp_up_shrink.json,outputs/run_20260828T030442_vjp_mlp_up_shrink_s0_c7p127189745122715/moral_demos.jsonl,1.24425,0.14825,1.0355,True,True
vjp_mlp_up_shrink,0,-C,8.0,historical_bracket,outputs/run_20260828T030707_vjp_mlp_up_shrink_s0_c8p0/vjp_mlp_up_shrink.json,outputs/run_20260828T030707_vjp_mlp_up_shrink_s0_c8p0/moral_demos.jsonl,0.85275,0.25599999999999995,1.256,True,True
vjp_mlp_up_shrink,0,-C,8.979696386474982,historical_bracket,outputs/run_20260828T030935_vjp_mlp_up_shrink_s0_c8p979696386474982/vjp_mlp_up_shrink.json,outputs/run_20260828T030935_vjp_mlp_up_shrink_s0_c8p979696386474982/moral_demos.jsonl,0.09724999999999996,0.88825,1.7987499999999998,True,False
vjp_mlp_up_shrink,0,-C,10.079368399158986,historical_bracket,outputs/run_20260828T031201_vjp_mlp_up_shrink_s0_c10p079368399158986/vjp_mlp_up_shrink.json,outputs/run_20260828T031201_vjp_mlp_up_shrink_s0_c10p079368399158986/moral_demos.jsonl,-1.22025,1.5959999999999999,2.54175,True,False
vjp_mlp_up_shrink,1,+C,3.563594872561357,continuation_certificate,outputs/run_20260828T095519_vjp_mlp_up_shrink_s1_+c3p563594872561357/vjp_mlp_up_shrink.json,outputs/run_20260828T095519_vjp_mlp_up_shrink_s1_+c3p563594872561357/moral_demos.jsonl,1.03175,0.018475,0.48575,True,True
vjp_mlp_up_shrink,1,+C,4.0,continuation_certificate,outputs/run_20260828T095532_vjp_mlp_up_shrink_s1_+c4p0/vjp_mlp_up_shrink.json,outputs/run_20260828T095532_vjp_mlp_up_shrink_s1_+c4p0/moral_demos.jsonl,1.0407499999999998,0.027092344999999997,0.492617345,True,True
vjp_mlp_up_shrink,1,+C,4.489848193237491,continuation_certificate,outputs/run_20260828T095544_vjp_mlp_up_shrink_s1_+c4p489848193237491/vjp_mlp_up_shrink.json,outputs/run_20260828T095544_vjp_mlp_up_shrink_s1_+c4p489848193237491/moral_demos.jsonl,1.05975,0.008592345,0.453617345,True,True
vjp_mlp_up_shrink,1,+C,5.039684199579493,continuation_certificate,outputs/run_20260828T095556_vjp_mlp_up_shrink_s1_+c5p039684199579493/vjp_mlp_up_shrink.json,outputs/run_20260828T095556_vjp_mlp_up_shrink_s1_+c5p039684199579493/moral_demos.jsonl,1.31725,0.046367345000000004,0.48911734500000004,True,True
vjp_mlp_up_shrink,1,+C,5.656854249492381,continuation_certificate,outputs/run_20260828T095608_vjp_mlp_up_shrink_s1_+c5p656854249492381/vjp_mlp_up_shrink.json,outputs/run_20260828T095608_vjp_mlp_up_shrink_s1_+c5p656854249492381/moral_demos.jsonl,1.26475,0.026500000000000003,0.447,True,True
vjp_mlp_up_shrink,1,+C,6.3496042078727974,continuation_certificate,outputs/run_20260828T095619_vjp_mlp_up_shrink_s1_+c6p3496042078727974/vjp_mlp_up_shrink.json,outputs/run_20260828T095619_vjp_mlp_up_shrink_s1_+c6p3496042078727974/moral_demos.jsonl,1.5785,0.030750000000000006,0.453,True,True
vjp_mlp_up_shrink,1,+C,7.127189745122715,continuation_certificate,outputs/run_20260828T095631_vjp_mlp_up_shrink_s1_+c7p127189745122715/vjp_mlp_up_shrink.json,outputs/run_20260828T095631_vjp_mlp_up_shrink_s1_+c7p127189745122715/moral_demos.jsonl,1.64775,0.05275,0.4865,True,True
vjp_mlp_up_shrink,1,+C,8.0,continuation_certificate,outputs/run_20260828T095642_vjp_mlp_up_shrink_s1_+c8p0/vjp_mlp_up_shrink.json,outputs/run_20260828T095642_vjp_mlp_up_shrink_s1_+c8p0/moral_demos.jsonl,2.04925,0.04675,0.4875,True,True
vjp_mlp_up_shrink,1,+C,8.979696386474982,continuation_certificate,outputs/run_20260828T095654_vjp_mlp_up_shrink_s1_+c8p979696386474982/vjp_mlp_up_shrink.json,outputs/run_20260828T095654_vjp_mlp_up_shrink_s1_+c8p979696386474982/moral_demos.jsonl,2.3337499999999998,0.066,0.515,True,True
vjp_mlp_up_shrink,1,+C,10.079368399158986,continuation_certificate,outputs/run_20260828T095706_vjp_mlp_up_shrink_s1_+c10p079368399158986/vjp_mlp_up_shrink.json,outputs/run_20260828T095706_vjp_mlp_up_shrink_s1_+c10p079368399158986/moral_demos.jsonl,2.45525,0.04700000000000001,0.52325,True,True
vjp_mlp_up_shrink,1,+C,11.313708498984761,continuation_certificate,outputs/run_20260828T095718_vjp_mlp_up_shrink_s1_+c11p313708498984761/vjp_mlp_up_shrink.json,outputs/run_20260828T095718_vjp_mlp_up_shrink_s1_+c11p313708498984761/moral_demos.jsonl,2.66275,0.06200000000000001,0.52025,True,True
vjp_mlp_up_shrink,1,+C,12.699208415745595,continuation_certificate,outputs/run_20260828T095729_vjp_mlp_up_shrink_s1_+c12p699208415745595/vjp_mlp_up_shrink.json,outputs/run_20260828T095729_vjp_mlp_up_shrink_s1_+c12p699208415745595/moral_demos.jsonl,2.7855,0.08225,0.556,True,True
vjp_mlp_up_shrink,1,+C,14.25437949024543,continuation_certificate,outputs/run_20260828T094945_vjp_mlp_up_shrink_s1_+c14p25437949024543/vjp_mlp_up_shrink.json,outputs/run_20260828T094945_vjp_mlp_up_shrink_s1_+c14p25437949024543/moral_demos.jsonl,2.88475,0.007750000000000013,0.507,True,True
vjp_mlp_up_shrink,1,+C,16.0,continuation_certificate,outputs/run_20260828T095740_vjp_mlp_up_shrink_s1_+c16p0/vjp_mlp_up_shrink.json,outputs/run_20260828T095740_vjp_mlp_up_shrink_s1_+c16p0/moral_demos.jsonl,3.204,0.10025,0.57425,True,True
vjp_mlp_up_shrink,1,+C,17.959392772949972,continuation_certificate,outputs/run_20260828T095807_vjp_mlp_up_shrink_s1_+c17p959392772949972/vjp_mlp_up_shrink.json,outputs/run_20260828T095807_vjp_mlp_up_shrink_s1_+c17p959392772949972/moral_demos.jsonl,3.457,0.13725,0.60225,True,True
vjp_mlp_up_shrink,1,+C,20.158736798317967,continuation_certificate,outputs/run_20260828T095818_vjp_mlp_up_shrink_s1_+c20p158736798317967/vjp_mlp_up_shrink.json,outputs/run_20260828T095818_vjp_mlp_up_shrink_s1_+c20p158736798317967/moral_demos.jsonl,3.49675,0.18775,0.68125,True,True
vjp_mlp_up_shrink,1,+C,22.627416997969522,continuation_certificate,outputs/run_20260828T095829_vjp_mlp_up_shrink_s1_+c22p627416997969522/vjp_mlp_up_shrink.json,outputs/run_20260828T095829_vjp_mlp_up_shrink_s1_+c22p627416997969522/moral_demos.jsonl,3.49625,0.44925,0.9615,True,True
vjp_mlp_up_shrink,1,+C,25.398416831491197,continuation_certificate,outputs/run_20260828T095910_vjp_mlp_up_shrink_s1_+c25p398416831491197/vjp_mlp_up_shrink.json,outputs/run_20260828T095910_vjp_mlp_up_shrink_s1_+c25p398416831491197/moral_demos.jsonl,3.525,0.64425,1.18625,True,True
vjp_mlp_up_shrink,1,+C,28.508758980490853,continuation_certificate,outputs/run_20260828T095005_vjp_mlp_up_shrink_s1_+c28p50875898049086/vjp_mlp_up_shrink.json,outputs/run_20260828T095005_vjp_mlp_up_shrink_s1_+c28p50875898049086/moral_demos.jsonl,3.1189999999999998,1.05925,1.5585,True,False
vjp_mlp_up_shrink,1,+C,31.582656193758094,continuation_certificate,outputs/run_20260828T095301_vjp_mlp_up_shrink_s1_+c31p582656193758094/vjp_mlp_up_shrink.json,outputs/run_20260828T095301_vjp_mlp_up_shrink_s1_+c31p582656193758094/moral_demos.jsonl,2.5275,1.54575,2.0715,True,False
vjp_mlp_up_shrink,1,-C,1.5874010519681994,historical_bracket,outputs/run_20260828T024141_vjp_mlp_up_shrink_s1_c1p5874010519681994/vjp_mlp_up_shrink.json,outputs/run_20260828T024141_vjp_mlp_up_shrink_s1_c1p5874010519681994/moral_demos.jsonl,0.408675,0.022250000000000002,0.764,True,True
vjp_mlp_up_shrink,1,-C,1.7817974362806785,historical_bracket,outputs/run_20260828T024309_vjp_mlp_up_shrink_s1_c1p7817974362806785/vjp_mlp_up_shrink.json,outputs/run_20260828T024309_vjp_mlp_up_shrink_s1_c1p7817974362806785/moral_demos.jsonl,0.5121475,0.010997499999999995,0.80375,True,True
vjp_mlp_up_shrink,1,-C,2.0,historical_bracket,outputs/run_20260828T024440_vjp_mlp_up_shrink_s1_c2p0/vjp_mlp_up_shrink.json,outputs/run_20260828T024440_vjp_mlp_up_shrink_s1_c2p0/moral_demos.jsonl,0.358675,0.001250000000000007,0.80275,True,True
vjp_mlp_up_shrink,1,-C,2.244924096618746,historical_bracket,outputs/run_20260828T024609_vjp_mlp_up_shrink_s1_c2p244924096618746/vjp_mlp_up_shrink.json,outputs/run_20260828T024609_vjp_mlp_up_shrink_s1_c2p244924096618746/moral_demos.jsonl,0.586675,0.0775025,0.8075,True,True
vjp_mlp_up_shrink,1,-C,2.5198420997897464,historical_bracket,outputs/run_20260828T024737_vjp_mlp_up_shrink_s1_c2p5198420997897464/vjp_mlp_up_shrink.json,outputs/run_20260828T024737_vjp_mlp_up_shrink_s1_c2p5198420997897464/moral_demos.jsonl,0.688675,0.08675000000000002,0.77625,True,True
vjp_mlp_up_shrink,1,-C,2.8284271247461903,historical_bracket,outputs/run_20260828T024906_vjp_mlp_up_shrink_s1_c2p8284271247461903/vjp_mlp_up_shrink.json,outputs/run_20260828T024906_vjp_mlp_up_shrink_s1_c2p8284271247461903/moral_demos.jsonl,0.797675,0.05875,0.79325,True,True
vjp_mlp_up_shrink,1,-C,3.174802103936399,historical_bracket,outputs/run_20260828T025036_vjp_mlp_up_shrink_s1_c3p174802103936399/vjp_mlp_up_shrink.json,outputs/run_20260828T025036_vjp_mlp_up_shrink_s1_c3p174802103936399/moral_demos.jsonl,0.9855,0.10275000000000001,0.72925,True,True
vjp_mlp_up_shrink,1,-C,3.563594872561357,historical_bracket,outputs/run_20260828T025205_vjp_mlp_up_shrink_s1_c3p563594872561357/vjp_mlp_up_shrink.json,outputs/run_20260828T025205_vjp_mlp_up_shrink_s1_c3p563594872561357/moral_demos.jsonl,0.9605,0.10375,0.7212500000000001,True,True
vjp_mlp_up_shrink,1,-C,4.0,historical_bracket,outputs/run_20260828T025335_vjp_mlp_up_shrink_s1_c4p0/vjp_mlp_up_shrink.json,outputs/run_20260828T025335_vjp_mlp_up_shrink_s1_c4p0/moral_demos.jsonl,0.8815000000000001,0.052500000000000005,0.8170000000000001,True,True
vjp_mlp_up_shrink,1,-C,4.489848193237491,historical_bracket,outputs/run_20260828T025504_vjp_mlp_up_shrink_s1_c4p489848193237491/vjp_mlp_up_shrink.json,outputs/run_20260828T025504_vjp_mlp_up_shrink_s1_c4p489848193237491/moral_demos.jsonl,1.22525,0.152,0.7365,True,True
vjp_mlp_up_shrink,1,-C,5.039684199579493,historical_bracket,outputs/run_20260828T025631_vjp_mlp_up_shrink_s1_c5p039684199579493/vjp_mlp_up_shrink.json,outputs/run_20260828T025631_vjp_mlp_up_shrink_s1_c5p039684199579493/moral_demos.jsonl,1.37675,0.19475,0.674,True,True
vjp_mlp_up_shrink,1,-C,5.656854249492381,historical_bracket,outputs/run_20260828T025801_vjp_mlp_up_shrink_s1_c5p656854249492381/vjp_mlp_up_shrink.json,outputs/run_20260828T025801_vjp_mlp_up_shrink_s1_c5p656854249492381/moral_demos.jsonl,1.345,0.096,0.769,True,True
vjp_mlp_up_shrink,1,-C,6.3496042078727974,historical_bracket,outputs/run_20260828T030001_vjp_mlp_up_shrink_s1_c6p3496042078727974/vjp_mlp_up_shrink.json,outputs/run_20260828T030001_vjp_mlp_up_shrink_s1_c6p3496042078727974/moral_demos.jsonl,1.4575,0.10500000000000001,0.80475,True,True
vjp_mlp_up_shrink,1,-C,7.127189745122715,historical_bracket,outputs/run_20260828T030209_vjp_mlp_up_shrink_s1_c7p127189745122715/vjp_mlp_up_shrink.json,outputs/run_20260828T030209_vjp_mlp_up_shrink_s1_c7p127189745122715/moral_demos.jsonl,1.1455,0.18349999999999997,1.10825,True,True
vjp_mlp_up_shrink,1,-C,8.0,historical_bracket,outputs/run_20260828T030423_vjp_mlp_up_shrink_s1_c8p0/vjp_mlp_up_shrink.json,outputs/run_20260828T030423_vjp_mlp_up_shrink_s1_c8p0/moral_demos.jsonl,0.74725,0.26549999999999996,1.25975,True,True
vjp_mlp_up_shrink,1,-C,8.979696386474982,historical_bracket,outputs/run_20260828T030645_vjp_mlp_up_shrink_s1_c8p979696386474982/vjp_mlp_up_shrink.json,outputs/run_20260828T030645_vjp_mlp_up_shrink_s1_c8p979696386474982/moral_demos.jsonl,0.022499999999999985,0.98925,1.91825,True,False
vjp_mlp_up_shrink,1,-C,10.079368399158986,historical_bracket,outputs/run_20260828T030907_vjp_mlp_up_shrink_s1_c10p079368399158986/vjp_mlp_up_shrink.json,outputs/run_20260828T030907_vjp_mlp_up_shrink_s1_c10p079368399158986/moral_demos.jsonl,-1.16625,1.60375,2.51825,True,False
vjp_mlp_up_shrink,2,+C,3.563594872561357,continuation_certificate,outputs/run_20260828T095644_vjp_mlp_up_shrink_s2_+c3p563594872561357/vjp_mlp_up_shrink.json,outputs/run_20260828T095644_vjp_mlp_up_shrink_s2_+c3p563594872561357/moral_demos.jsonl,1.0045,0.045975,0.4965,True,True
vjp_mlp_up_shrink,2,+C,4.0,continuation_certificate,outputs/run_20260828T095700_vjp_mlp_up_shrink_s2_+c4p0/vjp_mlp_up_shrink.json,outputs/run_20260828T095700_vjp_mlp_up_shrink_s2_+c4p0/moral_demos.jsonl,1.02675,0.023342345,0.477117345,True,True
vjp_mlp_up_shrink,2,+C,4.489848193237491,continuation_certificate,outputs/run_20260828T095715_vjp_mlp_up_shrink_s2_+c4p489848193237491/vjp_mlp_up_shrink.json,outputs/run_20260828T095715_vjp_mlp_up_shrink_s2_+c4p489848193237491/moral_demos.jsonl,1.1857499999999999,0.0005249999999999995,0.48300000000000004,True,True
vjp_mlp_up_shrink,2,+C,5.039684199579493,continuation_certificate,outputs/run_20260828T095731_vjp_mlp_up_shrink_s2_+c5p039684199579493/vjp_mlp_up_shrink.json,outputs/run_20260828T095731_vjp_mlp_up_shrink_s2_+c5p039684199579493/moral_demos.jsonl,1.27125,0.030000000000000006,0.47900000000000004,True,True
vjp_mlp_up_shrink,2,+C,5.656854249492381,continuation_certificate,outputs/run_20260828T095746_vjp_mlp_up_shrink_s2_+c5p656854249492381/vjp_mlp_up_shrink.json,outputs/run_20260828T095746_vjp_mlp_up_shrink_s2_+c5p656854249492381/moral_demos.jsonl,1.2357500000000001,0.0037500000000000033,0.45375000000000004,True,True
vjp_mlp_up_shrink,2,+C,6.3496042078727974,continuation_certificate,outputs/run_20260828T095801_vjp_mlp_up_shrink_s2_+c6p3496042078727974/vjp_mlp_up_shrink.json,outputs/run_20260828T095801_vjp_mlp_up_shrink_s2_+c6p3496042078727974/moral_demos.jsonl,1.5365,0.007749999999999992,0.43275,True,True
vjp_mlp_up_shrink,2,+C,7.127189745122715,continuation_certificate,outputs/run_20260828T095816_vjp_mlp_up_shrink_s2_+c7p127189745122715/vjp_mlp_up_shrink.json,outputs/run_20260828T095816_vjp_mlp_up_shrink_s2_+c7p127189745122715/moral_demos.jsonl,1.63375,0.027500000000000004,0.48675,True,True
vjp_mlp_up_shrink,2,+C,8.0,continuation_certificate,outputs/run_20260828T095831_vjp_mlp_up_shrink_s2_+c8p0/vjp_mlp_up_shrink.json,outputs/run_20260828T095831_vjp_mlp_up_shrink_s2_+c8p0/moral_demos.jsonl,2.08525,0.08850000000000001,0.553,True,True
vjp_mlp_up_shrink,2,+C,8.979696386474982,continuation_certificate,outputs/run_20260828T095907_vjp_mlp_up_shrink_s2_+c8p979696386474982/vjp_mlp_up_shrink.json,outputs/run_20260828T095907_vjp_mlp_up_shrink_s2_+c8p979696386474982/moral_demos.jsonl,2.26825,0.04725000000000001,0.484,True,True
vjp_mlp_up_shrink,2,+C,10.079368399158986,continuation_certificate,outputs/run_20260828T095922_vjp_mlp_up_shrink_s2_+c10p079368399158986/vjp_mlp_up_shrink.json,outputs/run_20260828T095922_vjp_mlp_up_shrink_s2_+c10p079368399158986/moral_demos.jsonl,2.5189999999999997,0.06000000000000001,0.5165000000000001,True,True
vjp_mlp_up_shrink,2,+C,11.313708498984761,continuation_certificate,outputs/run_20260828T095937_vjp_mlp_up_shrink_s2_+c11p313708498984761/vjp_mlp_up_shrink.json,outputs/run_20260828T095937_vjp_mlp_up_shrink_s2_+c11p313708498984761/moral_demos.jsonl,2.501,0.05500000000000001,0.502,True,True
vjp_mlp_up_shrink,2,+C,12.699208415745595,continuation_certificate,outputs/run_20260828T095950_vjp_mlp_up_shrink_s2_+c12p699208415745595/vjp_mlp_up_shrink.json,outputs/run_20260828T095950_vjp_mlp_up_shrink_s2_+c12p699208415745595/moral_demos.jsonl,2.775,0.05000000000000001,0.52525,True,True
vjp_mlp_up_shrink,2,+C,14.25437949024543,continuation_certificate,outputs/run_20260828T094922_vjp_mlp_up_shrink_s2_+c14p25437949024543/vjp_mlp_up_shrink.json,outputs/run_20260828T094922_vjp_mlp_up_shrink_s2_+c14p25437949024543/moral_demos.jsonl,2.9285,0.04075000000000001,0.53225,True,True
vjp_mlp_up_shrink,2,+C,16.0,continuation_certificate,outputs/run_20260828T100005_vjp_mlp_up_shrink_s2_+c16p0/vjp_mlp_up_shrink.json,outputs/run_20260828T100005_vjp_mlp_up_shrink_s2_+c16p0/moral_demos.jsonl,3.16575,0.10900000000000001,0.588,True,True
vjp_mlp_up_shrink,2,+C,17.959392772949972,continuation_certificate,outputs/run_20260828T100038_vjp_mlp_up_shrink_s2_+c17p959392772949972/vjp_mlp_up_shrink.json,outputs/run_20260828T100038_vjp_mlp_up_shrink_s2_+c17p959392772949972/moral_demos.jsonl,3.43125,0.10625,0.601,True,True
vjp_mlp_up_shrink,2,+C,20.158736798317967,continuation_certificate,outputs/run_20260828T100051_vjp_mlp_up_shrink_s2_+c20p158736798317967/vjp_mlp_up_shrink.json,outputs/run_20260828T100051_vjp_mlp_up_shrink_s2_+c20p158736798317967/moral_demos.jsonl,3.4307499999999997,0.19325,0.67175,True,True
vjp_mlp_up_shrink,2,+C,22.627416997969522,continuation_certificate,outputs/run_20260828T100104_vjp_mlp_up_shrink_s2_+c22p627416997969522/vjp_mlp_up_shrink.json,outputs/run_20260828T100104_vjp_mlp_up_shrink_s2_+c22p627416997969522/moral_demos.jsonl,3.4865,0.391,0.9127500000000001,True,True
vjp_mlp_up_shrink,2,+C,25.398416831491197,continuation_certificate,outputs/run_20260828T100158_vjp_mlp_up_shrink_s2_+c25p398416831491197/vjp_mlp_up_shrink.json,outputs/run_20260828T100158_vjp_mlp_up_shrink_s2_+c25p398416831491197/moral_demos.jsonl,3.5185,0.5905,1.11375,True,True
vjp_mlp_up_shrink,2,+C,28.508758980490853,continuation_certificate,outputs/run_20260828T094949_vjp_mlp_up_shrink_s2_+c28p50875898049086/vjp_mlp_up_shrink.json,outputs/run_20260828T094949_vjp_mlp_up_shrink_s2_+c28p50875898049086/moral_demos.jsonl,3.07,1.072,1.55575,True,False
vjp_mlp_up_shrink,2,+C,31.582656193758094,continuation_certificate,outputs/run_20260828T095335_vjp_mlp_up_shrink_s2_+c31p582656193758094/vjp_mlp_up_shrink.json,outputs/run_20260828T095335_vjp_mlp_up_shrink_s2_+c31p582656193758094/moral_demos.jsonl,2.6145,1.514,2.067,True,False
vjp_mlp_up_shrink,2,-C,1.5874010519681994,historical_bracket,outputs/run_20260828T025029_vjp_mlp_up_shrink_s2_c1p5874010519681994/vjp_mlp_up_shrink.json,outputs/run_20260828T025029_vjp_mlp_up_shrink_s2_c1p5874010519681994/moral_demos.jsonl,0.40642500000000004,0.07500000000000001,0.7915,True,True
vjp_mlp_up_shrink,2,-C,1.7817974362806785,historical_bracket,outputs/run_20260828T025218_vjp_mlp_up_shrink_s2_c1p7817974362806785/vjp_mlp_up_shrink.json,outputs/run_20260828T025218_vjp_mlp_up_shrink_s2_c1p7817974362806785/moral_demos.jsonl,0.4408975,0.0027474999999999947,0.81975,True,True
vjp_mlp_up_shrink,2,-C,2.0,historical_bracket,outputs/run_20260828T025407_vjp_mlp_up_shrink_s2_c2p0/vjp_mlp_up_shrink.json,outputs/run_20260828T025407_vjp_mlp_up_shrink_s2_c2p0/moral_demos.jsonl,0.354925,0.0005000000000000061,0.83225,True,True
vjp_mlp_up_shrink,2,-C,2.244924096618746,historical_bracket,outputs/run_20260828T025600_vjp_mlp_up_shrink_s2_c2p244924096618746/vjp_mlp_up_shrink.json,outputs/run_20260828T025600_vjp_mlp_up_shrink_s2_c2p244924096618746/moral_demos.jsonl,0.482175,0.044250000000000005,0.79925,True,True
vjp_mlp_up_shrink,2,-C,2.5198420997897464,historical_bracket,outputs/run_20260828T025749_vjp_mlp_up_shrink_s2_c2p5198420997897464/vjp_mlp_up_shrink.json,outputs/run_20260828T025749_vjp_mlp_up_shrink_s2_c2p5198420997897464/moral_demos.jsonl,0.659925,0.027750000000000014,0.80875,True,True
vjp_mlp_up_shrink,2,-C,2.8284271247461903,historical_bracket,outputs/run_20260828T025940_vjp_mlp_up_shrink_s2_c2p8284271247461903/vjp_mlp_up_shrink.json,outputs/run_20260828T025940_vjp_mlp_up_shrink_s2_c2p8284271247461903/moral_demos.jsonl,0.83775,0.04575000000000001,0.812,True,True
vjp_mlp_up_shrink,2,-C,3.174802103936399,historical_bracket,outputs/run_20260828T030127_vjp_mlp_up_shrink_s2_c3p174802103936399/vjp_mlp_up_shrink.json,outputs/run_20260828T030127_vjp_mlp_up_shrink_s2_c3p174802103936399/moral_demos.jsonl,0.961675,0.093,0.73575,True,True
vjp_mlp_up_shrink,2,-C,3.563594872561357,historical_bracket,outputs/run_20260828T030316_vjp_mlp_up_shrink_s2_c3p563594872561357/vjp_mlp_up_shrink.json,outputs/run_20260828T030316_vjp_mlp_up_shrink_s2_c3p563594872561357/moral_demos.jsonl,0.99175,0.11525,0.7435,True,True
vjp_mlp_up_shrink,2,-C,4.0,historical_bracket,outputs/run_20260828T030504_vjp_mlp_up_shrink_s2_c4p0/vjp_mlp_up_shrink.json,outputs/run_20260828T030504_vjp_mlp_up_shrink_s2_c4p0/moral_demos.jsonl,0.96975,0.082,0.8125,True,True
vjp_mlp_up_shrink,2,-C,4.489848193237491,historical_bracket,outputs/run_20260828T030654_vjp_mlp_up_shrink_s2_c4p489848193237491/vjp_mlp_up_shrink.json,outputs/run_20260828T030654_vjp_mlp_up_shrink_s2_c4p489848193237491/moral_demos.jsonl,1.31775,0.1705,0.70025,True,True
vjp_mlp_up_shrink,2,-C,5.039684199579493,historical_bracket,outputs/run_20260828T030843_vjp_mlp_up_shrink_s2_c5p039684199579493/vjp_mlp_up_shrink.json,outputs/run_20260828T030843_vjp_mlp_up_shrink_s2_c5p039684199579493/moral_demos.jsonl,1.3125,0.1685,0.6735,True,True
vjp_mlp_up_shrink,2,-C,5.656854249492381,historical_bracket,outputs/run_20260828T031031_vjp_mlp_up_shrink_s2_c5p656854249492381/vjp_mlp_up_shrink.json,outputs/run_20260828T031031_vjp_mlp_up_shrink_s2_c5p656854249492381/moral_demos.jsonl,1.2905,0.05775000000000001,0.7927500000000001,True,True
vjp_mlp_up_shrink,2,-C,6.3496042078727974,historical_bracket,outputs/run_20260828T031253_vjp_mlp_up_shrink_s2_c6p3496042078727974/vjp_mlp_up_shrink.json,outputs/run_20260828T031253_vjp_mlp_up_shrink_s2_c6p3496042078727974/moral_demos.jsonl,1.443,0.1055,0.81325,True,True
vjp_mlp_up_shrink,2,-C,7.127189745122715,historical_bracket,outputs/run_20260828T031528_vjp_mlp_up_shrink_s2_c7p127189745122715/vjp_mlp_up_shrink.json,outputs/run_20260828T031528_vjp_mlp_up_shrink_s2_c7p127189745122715/moral_demos.jsonl,1.1275,0.12574999999999997,1.02325,True,True
vjp_mlp_up_shrink,2,-C,8.0,historical_bracket,outputs/run_20260828T031808_vjp_mlp_up_shrink_s2_c8p0/vjp_mlp_up_shrink.json,outputs/run_20260828T031808_vjp_mlp_up_shrink_s2_c8p0/moral_demos.jsonl,0.6735,0.294,1.26725,True,True
vjp_mlp_up_shrink,2,-C,8.979696386474982,historical_bracket,outputs/run_20260828T032116_vjp_mlp_up_shrink_s2_c8p979696386474982/vjp_mlp_up_shrink.json,outputs/run_20260828T032116_vjp_mlp_up_shrink_s2_c8p979696386474982/moral_demos.jsonl,0.17525,0.9359999999999999,1.876,True,False
vjp_mlp_up_shrink,2,-C,10.079368399158986,historical_bracket,outputs/run_20260828T032405_vjp_mlp_up_shrink_s2_c10p079368399158986/vjp_mlp_up_shrink.json,outputs/run_20260828T032405_vjp_mlp_up_shrink_s2_c10p079368399158986/moral_demos.jsonl,-0.888,1.382,2.37325,True,False
