scenario,condition,layer,changed_positions,positions,final_changed,final_patch_norm,patch_norm_mean,target_gap,final_coordinates_before,final_coordinates_after,final_gap_error,max_coordinate_sum_error
syco_bullshit_v2_leg_pnf_01,old_plus,13,29,55,True,1.7176024913787842,0.3279513120651245,4.556610018014908,"[-0.6934910416603088, 1.0398935079574585]","[1.0406566858291626, -0.6923508644104004]",2.8236026763916016,0.0025299787521362305
syco_bullshit_v2_leg_pnf_01,old_plus,14,0,55,False,0.0,0.0,5.414298117160797,"[0.9644551277160645, -0.9744635224342346]","[0.9644551277160645, -0.9744635224342346]",3.475379467010498,0.0
syco_bullshit_v2_leg_pnf_01,old_plus,15,44,55,False,0.0,0.30593907833099365,6.172635734081268,"[0.10248738527297974, -0.5398507118225098]","[0.10248738527297974, -0.5398507118225098]",5.53029727935791,0.005737781524658203
syco_bullshit_v2_leg_pnf_01,old_plus,16,43,55,False,0.0,0.31298667192459106,7.123698949813843,"[-0.10509241372346878, -0.35996732115745544]","[-0.10509241372346878, -0.35996732115745544]",6.868824481964111,0.0047675371170043945
syco_bullshit_v2_leg_pnf_01,old_plus,17,18,55,False,0.0,0.06107116490602493,8.476953744888306,"[-0.2266121804714203, -0.5956802368164062]","[-0.2266121804714203, -0.5956802368164062]",8.107885360717773,0.006497621536254883
syco_bullshit_v2_leg_pnf_01,old_plus,18,0,55,False,0.0,0.0,9.429186582565308,"[-0.6221235394477844, -1.3646610975265503]","[-0.6221235394477844, -1.3646610975265503]",8.686649322509766,0.0
syco_bullshit_v2_leg_pnf_01,old_plus,19,52,55,True,1.7577635049819946,1.350672721862793,8.398379564285278,"[-2.17275071144104, -0.7881433963775635]","[-0.7897458076477051, -2.174020528793335]",7.014104843139648,0.009827375411987305
syco_bullshit_v2_leg_pnf_01,old_plus,20,11,55,False,0.0,0.05135183036327362,10.019581198692322,"[-0.9776405096054077, -1.5984506607055664]","[-0.9776405096054077, -1.5984506607055664]",9.398770332336426,0.005130290985107422
syco_bullshit_v2_leg_pnf_01,old_plus,21,34,55,True,0.1280805468559265,0.420470267534256,11.533475756645203,"[-1.1176347732543945, -1.0234887599945068]","[-1.0229065418243408, -1.1166876554489136]",11.43969440460205,0.004104495048522949
syco_bullshit_v2_leg_pnf_01,old_minus,13,26,55,False,0.0,0.1380309760570526,-4.69693386554718,"[-0.6934910416603088, 1.0398935079574585]","[-0.6934910416603088, 1.0398935079574585]",2.9635491371154785,0.0013741254806518555
syco_bullshit_v2_leg_pnf_01,old_minus,14,45,55,False,0.0,0.8866003751754761,-3.869912028312683,"[-0.5293869972229004, 0.5080312490463257]","[-0.5293869972229004, 0.5080312490463257]",2.832493782043457,0.0030215978622436523
syco_bullshit_v2_leg_pnf_01,old_minus,15,0,55,False,0.0,0.0,-6.436792850494385,"[-1.1596320867538452, 0.630387008190155]","[-1.1596320867538452, 0.630387008190155]",4.646773815155029,0.0
syco_bullshit_v2_leg_pnf_01,old_minus,16,0,55,False,0.0,0.0,-7.42580771446228,"[-1.2653619050979614, 0.8012871146202087]","[-1.2653619050979614, 0.8012871146202087]",5.359158992767334,0.0
syco_bullshit_v2_leg_pnf_01,old_minus,17,0,55,False,0.0,0.0,-7.5542134046554565,"[-1.2914574146270752, 0.6190602779388428]","[-1.2914574146270752, 0.6190602779388428]",5.643695831298828,0.0
syco_bullshit_v2_leg_pnf_01,old_minus,18,20,55,False,0.0,0.08769810199737549,-8.385780811309814,"[-1.7187408208847046, 0.19696582853794098]","[-1.7187408208847046, 0.19696582853794098]",6.470073699951172,0.002501964569091797
syco_bullshit_v2_leg_pnf_01,old_minus,19,0,55,False,0.0,0.0,-12.443769216537476,"[-3.2782058715820312, 0.8046367168426514]","[-3.2782058715820312, 0.8046367168426514]",8.360926628112793,0.0
syco_bullshit_v2_leg_pnf_01,old_minus,20,0,55,False,0.0,0.0,-12.97796106338501,"[-3.023512125015259, 1.2005008459091187]","[-3.023512125015259, 1.2005008459091187]",8.753948211669922,0.0
syco_bullshit_v2_leg_pnf_01,old_minus,21,0,55,False,0.0,0.0,-14.799622058868408,"[-2.938117742538452, 1.829512357711792]","[-2.938117742538452, 1.829512357711792]",10.031991958618164,0.0
syco_bullshit_v2_leg_pnf_01,gap_plus,13,55,55,True,3.1164987087249756,2.352713108062744,4.556610018014908,"[-0.6934910416603088, 1.0398935079574585]","[2.451296091079712, -2.1050922870635986]",0.00022172927856445312,0.003614068031311035
syco_bullshit_v2_leg_pnf_01,gap_plus,14,55,55,True,0.44826197624206543,0.25826844573020935,5.414298117160797,"[2.2645232677459717, -2.1937098503112793]","[2.74277400970459, -2.6701772212982178]",0.001346588134765625,0.003214716911315918
syco_bullshit_v2_leg_pnf_01,gap_plus,15,55,55,True,1.3832528591156006,2.142317056655884,6.172635734081268,"[1.735947608947754, -1.9123767614364624]","[2.9982261657714844, -3.174668550491333]",0.0002589225769042969,0.00580751895904541
syco_bullshit_v2_leg_pnf_01,gap_plus,16,55,55,True,0.769350528717041,1.5793395042419434,7.123698949813843,"[2.9404993057250977, -2.8799614906311035]","[3.5925345420837402, -3.5314724445343018]",0.00030803680419921875,0.005022168159484863
syco_bullshit_v2_leg_pnf_01,gap_plus,17,55,55,True,1.3201277256011963,1.9695708751678467,8.476953744888306,"[3.069324254989624, -3.2384400367736816]","[4.1527910232543945, -4.321948528289795]",0.0022144317626953125,0.0064733028411865234
syco_bullshit_v2_leg_pnf_01,gap_plus,18,55,55,True,0.19967339932918549,0.8574895262718201,9.429186582565308,"[4.1054463386535645, -5.009714126586914]","[4.262038707733154, -5.166718006134033]",0.00043010711669921875,0.004958391189575195
syco_bullshit_v2_leg_pnf_01,gap_plus,19,55,55,True,0.4616536796092987,1.5638015270233154,8.398379564285278,"[3.38521146774292, -4.286427021026611]","[3.749130964279175, -4.6489057540893555]",0.00034236907958984375,0.006679177284240723
syco_bullshit_v2_leg_pnf_01,gap_plus,20,55,55,True,1.0169965028762817,2.063551425933838,10.019581198692322,"[3.8617498874664307, -4.596189498901367]","[4.642902374267578, -5.378040313720703]",0.001361846923828125,0.003523588180541992
syco_bullshit_v2_leg_pnf_01,gap_plus,21,55,55,True,0.9052857756614685,2.073660135269165,11.533475756645203,"[4.909007549285889, -5.240950107574463]","[5.59995174407959, -5.9338812828063965]",0.0003566741943359375,0.0033528804779052734
syco_bullshit_v2_leg_pnf_01,gap_minus,13,55,55,True,1.467993974685669,2.2322685718536377,-4.69693386554718,"[-0.6934910416603088, 1.0398935079574585]","[-2.1737453937530518, 2.5222058296203613]",0.0009822845458984375,0.003373861312866211
syco_bullshit_v2_leg_pnf_01,gap_minus,14,55,55,True,0.13300353288650513,0.6072344779968262,-3.869912028312683,"[-1.7703503370285034, 1.8177510499954224]","[-1.9116146564483643, 1.9579256772994995]",0.0003719329833984375,0.004050850868225098
syco_bullshit_v2_leg_pnf_01,gap_minus,15,55,55,True,1.255905270576477,1.5331511497497559,-6.436792850494385,"[-2.3146848678588867, 1.8279297351837158]","[-3.4595580101013184, 2.9751367568969727]",0.00209808349609375,0.006231069564819336
syco_bullshit_v2_leg_pnf_01,gap_minus,16,55,55,True,0.745993435382843,1.1603670120239258,-7.42580771446228,"[-3.1734094619750977, 2.988490581512451]","[-3.805943727493286, 3.619877815246582]",1.33514404296875e-05,0.0053937435150146484
syco_bullshit_v2_leg_pnf_01,gap_minus,17,55,55,True,0.5426051020622253,1.0746400356292725,-7.5542134046554565,"[-3.3143975734710693, 3.3496575355529785]","[-3.7598958015441895, 3.794431686401367]",0.00011396408081054688,0.006131172180175781
syco_bullshit_v2_leg_pnf_01,gap_minus,18,55,55,True,0.2069639414548874,1.904866099357605,-8.385780811309814,"[-3.9868929386138916, 4.074270248413086]","[-4.149280071258545, 4.236596584320068]",9.632110595703125e-05,0.005735158920288086
syco_bullshit_v2_leg_pnf_01,gap_minus,19,55,55,True,0.8323410749435425,1.9874061346054077,-12.443769216537476,"[-5.914997100830078, 5.216555118560791]","[-6.567368507385254, 5.8745245933532715]",0.0018768310546875,0.007909059524536133
syco_bullshit_v2_leg_pnf_01,gap_minus,20,55,55,True,1.1183773279190063,1.5777987241744995,-12.97796106338501,"[-5.442038536071777, 5.816731929779053]","[-6.301352024078369, 6.676159858703613]",0.0004482269287109375,0.0060329437255859375
syco_bullshit_v2_leg_pnf_01,gap_minus,21,55,55,True,1.5005046129226685,1.9618488550186157,-14.799622058868408,"[-5.597217559814453, 6.915806770324707]","[-6.744924545288086, 8.062356948852539]",0.007659912109375,0.0037078857421875
syco_bullshit_v2_sw_pnf_02,old_plus,13,33,72,True,1.660973072052002,0.2592015862464905,4.556610018014908,"[-0.6330046653747559, 1.043391466140747]","[1.043705940246582, -0.6319979429244995]",2.880906105041504,0.0016048550605773926
syco_bullshit_v2_sw_pnf_02,old_plus,14,0,72,False,0.0,0.0,5.414298117160797,"[1.0144511461257935, -0.925234854221344]","[1.0144511461257935, -0.925234854221344]",3.47461199760437,0.0
syco_bullshit_v2_sw_pnf_02,old_plus,15,60,72,False,0.0,0.3575519025325775,6.172635734081268,"[0.009602990001440048, -0.39595910906791687]","[0.009602990001440048, -0.39595910906791687]",5.767073631286621,0.006468772888183594
syco_bullshit_v2_sw_pnf_02,old_plus,16,59,72,False,0.0,0.3389160633087158,7.123698949813843,"[-0.20431500673294067, -0.363630473613739]","[-0.20431500673294067, -0.363630473613739]",6.964383602142334,0.0050394535064697266
syco_bullshit_v2_sw_pnf_02,old_plus,17,27,72,True,0.06883089989423752,0.06248140335083008,8.476953744888306,"[-0.5851430892944336, -0.5296409130096436]","[-0.5324852466583252, -0.5859344005584717]",8.423503875732422,0.004886031150817871
syco_bullshit_v2_sw_pnf_02,old_plus,18,1,72,True,0.45471906661987305,0.006315542850643396,9.429186582565308,"[-1.2102363109588623, -0.85124272108078]","[-0.8514295220375061, -1.2092469930648804]",9.071369171142578,0.0008025169372558594
syco_bullshit_v2_sw_pnf_02,old_plus,19,71,72,True,3.511691093444824,1.6120785474777222,8.398379564285278,"[-2.88033390045166, -0.11639660596847534]","[-0.11269667744636536, -2.8810999393463135]",5.629976272583008,0.009618520736694336
syco_bullshit_v2_sw_pnf_02,old_plus,20,16,72,False,0.0,0.084342360496521,10.019581198692322,"[-0.5623617768287659, -2.2536725997924805]","[-0.5623617768287659, -2.2536725997924805]",8.328269958496094,0.0035234689712524414
syco_bullshit_v2_sw_pnf_02,old_plus,21,45,72,False,0.0,0.3764362335205078,11.533475756645203,"[-0.02440522238612175, -1.7030091285705566]","[-0.02440522238612175, -1.7030091285705566]",9.85487174987793,0.005372524261474609
syco_bullshit_v2_sw_pnf_02,old_minus,13,39,72,False,0.0,0.15718531608581543,-4.69693386554718,"[-0.6330046653747559, 1.043391466140747]","[-0.6330046653747559, 1.043391466140747]",3.0205376148223877,0.0009287595748901367
syco_bullshit_v2_sw_pnf_02,old_minus,14,62,72,False,0.0,0.8820810914039612,-3.869912028312683,"[-0.4634915292263031, 0.5460472702980042]","[-0.4634915292263031, 0.5460472702980042]",2.8603734970092773,0.0034035444259643555
syco_bullshit_v2_sw_pnf_02,old_minus,15,0,72,False,0.0,0.0,-6.436792850494385,"[-1.2481820583343506, 0.792880117893219]","[-1.2481820583343506, 0.792880117893219]",4.395730972290039,0.0
syco_bullshit_v2_sw_pnf_02,old_minus,16,0,72,False,0.0,0.0,-7.42580771446228,"[-1.3838833570480347, 0.8408607244491577]","[-1.3838833570480347, 0.8408607244491577]",5.201064109802246,0.0
syco_bullshit_v2_sw_pnf_02,old_minus,17,0,72,False,0.0,0.0,-7.5542134046554565,"[-1.6909312009811401, 0.8000054955482483]","[-1.6909312009811401, 0.8000054955482483]",5.063276767730713,0.0
syco_bullshit_v2_sw_pnf_02,old_minus,18,15,72,False,0.0,0.032171785831451416,-8.385780811309814,"[-2.4393911361694336, 0.8373691439628601]","[-2.4393911361694336, 0.8373691439628601]",5.109020233154297,0.0019034743309020996
syco_bullshit_v2_sw_pnf_02,old_minus,19,0,72,False,0.0,0.0,-12.443769216537476,"[-4.307479381561279, 1.9650245904922485]","[-4.307479381561279, 1.9650245904922485]",6.171265602111816,0.0
syco_bullshit_v2_sw_pnf_02,old_minus,20,0,72,False,0.0,0.0,-12.97796106338501,"[-4.480937957763672, 2.3604958057403564]","[-4.480937957763672, 2.3604958057403564]",6.136527061462402,0.0
syco_bullshit_v2_sw_pnf_02,old_minus,21,0,72,False,0.0,0.0,-14.799622058868408,"[-3.545850992202759, 2.904933214187622]","[-3.545850992202759, 2.904933214187622]",8.348836898803711,0.0
syco_bullshit_v2_sw_pnf_02,gap_plus,13,72,72,True,3.0885612964630127,2.308791399002075,4.556610018014908,"[-0.6330046653747559, 1.043391466140747]","[2.4839906692504883, -2.0729992389678955]",0.0003795623779296875,0.0032302141189575195
syco_bullshit_v2_sw_pnf_02,gap_plus,14,72,72,True,0.40337222814559937,0.2652440369129181,5.414298117160797,"[2.3707597255706787, -2.1837587356567383]","[2.8007946014404297, -2.6127758026123047]",0.0007276535034179688,0.0036600828170776367
syco_bullshit_v2_sw_pnf_02,gap_plus,15,72,72,True,1.4327417612075806,2.1828761100769043,6.172635734081268,"[1.7178481817245483, -1.838923454284668]","[3.0247833728790283, -3.1469037532806396]",0.0009484291076660156,0.006144046783447266
syco_bullshit_v2_sw_pnf_02,gap_plus,16,72,72,True,0.7547228932380676,1.6298964023590088,7.123698949813843,"[2.924248218536377, -2.9206228256225586]","[3.5640292167663574, -3.5595710277557373]",9.918212890625e-05,0.0057032108306884766
syco_bullshit_v2_sw_pnf_02,gap_plus,17,72,72,True,1.3697177171707153,1.9903825521469116,8.476953744888306,"[2.9092767238616943, -3.3201470375061035]","[4.034024715423584, -4.443739891052246]",0.0008106231689453125,0.006269931793212891
syco_bullshit_v2_sw_pnf_02,gap_plus,18,72,72,True,0.24778951704502106,0.7895042300224304,9.429186582565308,"[4.018717288970947, -5.020310401916504]","[4.2143120765686035, -5.2145538330078125]",0.00032138824462890625,0.004431009292602539
syco_bullshit_v2_sw_pnf_02,gap_plus,19,72,72,True,0.43993207812309265,1.6531941890716553,8.398379564285278,"[3.1719508171081543, -4.536790370941162]","[3.5185513496398926, -4.882253170013428]",0.0024251937866210938,0.005937337875366211
syco_bullshit_v2_sw_pnf_02,gap_plus,20,72,72,True,0.9902380108833313,2.165526866912842,10.019581198692322,"[3.7021541595458984, -4.79658842086792]","[4.462934494018555, -5.557731628417969]",0.0010852813720703125,0.004750251770019531
syco_bullshit_v2_sw_pnf_02,gap_plus,21,72,72,True,0.8841120600700378,2.043902635574341,11.533475756645203,"[4.8654913902282715, -5.314951419830322]","[5.540672302246094, -5.9912614822387695]",0.0015420913696289062,0.004614830017089844
syco_bullshit_v2_sw_pnf_02,gap_minus,13,72,72,True,1.4963370561599731,2.2762043476104736,-4.69693386554718,"[-0.6330046653747559, 1.043391466140747]","[-2.142263650894165, 2.5539238452911377]",0.0007462501525878906,0.0032504796981811523
syco_bullshit_v2_sw_pnf_02,gap_minus,14,72,72,True,0.10128247737884521,0.6031373739242554,-3.869912028312683,"[-1.7549424171447754, 1.9015902280807495]","[-1.8624041080474854, 2.007434606552124]",7.343292236328125e-05,0.002811908721923828
syco_bullshit_v2_sw_pnf_02,gap_minus,15,72,72,True,1.1095547676086426,1.5274121761322021,-6.436792850494385,"[-2.4048287868499756, 2.0075981616973877]","[-3.418060779571533, 3.0192995071411133]",0.0005674362182617188,0.0054852962493896484
syco_bullshit_v2_sw_pnf_02,gap_minus,16,72,72,True,0.859140157699585,1.1544647216796875,-7.42580771446228,"[-3.112999439239502, 2.8579702377319336]","[-3.841358184814453, 3.5852415561676025]",0.0007915496826171875,0.005669593811035156
syco_bullshit_v2_sw_pnf_02,gap_minus,17,72,72,True,0.33369114995002747,1.0413106679916382,-7.5542134046554565,"[-3.6186490058898926, 3.3871419429779053]","[-3.891291379928589, 3.6613528728485107]",0.0015692710876464844,0.006318092346191406
syco_bullshit_v2_sw_pnf_02,gap_minus,18,72,72,True,0.06155018135905266,1.8801625967025757,-8.385780811309814,"[-4.355820655822754, 4.122366905212402]","[-4.310581207275391, 4.076585292816162]",0.0013866424560546875,0.0062361955642700195
syco_bullshit_v2_sw_pnf_02,gap_minus,19,72,72,True,0.6174404621124268,1.8475395441055298,-12.443769216537476,"[-6.302986145019531, 5.165095329284668]","[-6.787201881408691, 5.6525702476501465]",0.003997802734375,0.008660316467285156
syco_bullshit_v2_sw_pnf_02,gap_minus,20,72,72,True,0.5987074375152588,1.5266821384429932,-12.97796106338501,"[-6.353093147277832, 5.709041595458984]","[-6.813710689544678, 6.167557716369629]",0.003307342529296875,0.00720977783203125
syco_bullshit_v2_sw_pnf_02,gap_minus,21,72,72,True,1.7198238372802734,1.9882935285568237,-14.799622058868408,"[-5.608000755310059, 6.560302257537842]","[-6.9234089851379395, 7.874842166900635]",0.0013704299926757812,0.005648612976074219
syco_bullshit_v2_sw_pnf_03,old_plus,13,39,69,True,1.5460702180862427,0.3063863217830658,4.556610018014908,"[-0.576717734336853, 0.9829767346382141]","[0.9824738502502441, -0.5780085921287537]",2.9961276054382324,0.0017937421798706055
syco_bullshit_v2_sw_pnf_03,old_plus,14,0,69,False,0.0,0.0,5.414298117160797,"[0.9419994950294495, -0.8963330984115601]","[0.9419994950294495, -0.8963330984115601]",3.575965404510498,0.0
syco_bullshit_v2_sw_pnf_03,old_plus,15,60,69,False,0.0,0.38394424319267273,6.172635734081268,"[-0.09609000384807587, -0.4296473264694214]","[-0.09609000384807587, -0.4296473264694214]",5.839078426361084,0.005496382713317871
syco_bullshit_v2_sw_pnf_03,old_plus,16,52,69,False,0.0,0.24213899672031403,7.123698949813843,"[-0.3416428864002228, -0.37818995118141174]","[-0.3416428864002228, -0.37818995118141174]",7.087152004241943,0.005809664726257324
syco_bullshit_v2_sw_pnf_03,old_plus,17,24,69,False,0.0,0.06006893143057823,8.476953744888306,"[-0.6305071711540222, -0.6437557935714722]","[-0.6305071711540222, -0.6437557935714722]",8.463705062866211,0.004975795745849609
syco_bullshit_v2_sw_pnf_03,old_plus,18,1,69,True,0.2722276747226715,0.003945328760892153,9.429186582565308,"[-1.1615673303604126, -0.9468539953231812]","[-0.9466345906257629, -1.1602795124053955]",9.21554183959961,0.0015072822570800781
syco_bullshit_v2_sw_pnf_03,old_plus,19,66,69,True,3.3933968544006348,1.349838137626648,8.398379564285278,"[-3.0506041049957275, -0.37755879759788513]","[-0.37797820568084717, -3.050922393798828]",5.725435256958008,0.008243560791015625
syco_bullshit_v2_sw_pnf_03,old_plus,20,15,69,False,0.0,0.07196314632892609,10.019581198692322,"[-0.7692188620567322, -2.5060272216796875]","[-0.7692188620567322, -2.5060272216796875]",8.282772064208984,0.0034939348697662354
syco_bullshit_v2_sw_pnf_03,old_plus,21,47,69,False,0.0,0.4899396002292633,11.533475756645203,"[-0.30170896649360657, -2.0421078205108643]","[-0.30170896649360657, -2.0421078205108643]",9.79307746887207,0.004495680332183838
syco_bullshit_v2_sw_pnf_03,old_minus,13,30,69,False,0.0,0.11577490717172623,-4.69693386554718,"[-0.576717734336853, 0.9829767346382141]","[-0.576717734336853, 0.9829767346382141]",3.1372392177581787,0.001055002212524414
syco_bullshit_v2_sw_pnf_03,old_minus,14,59,69,False,0.0,0.916330099105835,-3.869912028312683,"[-0.4311237335205078, 0.47816434502601624]","[-0.4311237335205078, 0.47816434502601624]",2.9606242179870605,0.003755807876586914
syco_bullshit_v2_sw_pnf_03,old_minus,15,0,69,False,0.0,0.0,-6.436792850494385,"[-1.3022302389144897, 0.6849219799041748]","[-1.3022302389144897, 0.6849219799041748]",4.44964075088501,0.0
syco_bullshit_v2_sw_pnf_03,old_minus,16,0,69,False,0.0,0.0,-7.42580771446228,"[-1.521169900894165, 0.8025147318840027]","[-1.521169900894165, 0.8025147318840027]",5.102123260498047,0.0
syco_bullshit_v2_sw_pnf_03,old_minus,17,0,69,False,0.0,0.0,-7.5542134046554565,"[-1.7602856159210205, 0.670604944229126]","[-1.7602856159210205, 0.670604944229126]",5.1233229637146,0.0
syco_bullshit_v2_sw_pnf_03,old_minus,18,15,69,False,0.0,0.05470794066786766,-8.385780811309814,"[-2.394162893295288, 0.7595444917678833]","[-2.394162893295288, 0.7595444917678833]",5.232072830200195,0.0036850571632385254
syco_bullshit_v2_sw_pnf_03,old_minus,19,0,69,False,0.0,0.0,-12.443769216537476,"[-4.525188446044922, 1.7066532373428345]","[-4.525188446044922, 1.7066532373428345]",6.211927890777588,0.0
syco_bullshit_v2_sw_pnf_03,old_minus,20,0,69,False,0.0,0.0,-12.97796106338501,"[-4.712978363037109, 2.3004212379455566]","[-4.712978363037109, 2.3004212379455566]",5.9645609855651855,0.0
syco_bullshit_v2_sw_pnf_03,old_minus,21,0,69,False,0.0,0.0,-14.799622058868408,"[-4.031649589538574, 2.850255250930786]","[-4.031649589538574, 2.850255250930786]",7.917716979980469,0.0
syco_bullshit_v2_sw_pnf_03,gap_plus,13,69,69,True,3.0307064056396484,2.353015184402466,4.556610018014908,"[-0.576717734336853, 0.9829767346382141]","[2.4813756942749023, -2.0755579471588135]",0.00032329559326171875,0.0032689571380615234
syco_bullshit_v2_sw_pnf_03,gap_plus,14,69,69,True,0.3923189043998718,0.27751100063323975,5.414298117160797,"[2.3549540042877197, -2.223679542541504]","[2.773056983947754, -2.64109206199646]",0.000148773193359375,0.0035935640335083008
syco_bullshit_v2_sw_pnf_03,gap_plus,15,69,69,True,1.4806621074676514,2.21873140335083,6.172635734081268,"[1.6151853799819946, -1.8548939228057861]","[2.965200185775757, -3.2072601318359375]",0.00017499923706054688,0.005528926849365234
syco_bullshit_v2_sw_pnf_03,gap_plus,16,69,69,True,0.8339599967002869,1.6066021919250488,7.123698949813843,"[2.7807068824768066, -2.9311411380767822]","[3.4891397953033447, -3.6357176303863525]",0.0011582374572753906,0.004581570625305176
syco_bullshit_v2_sw_pnf_03,gap_plus,17,69,69,True,1.2841869592666626,2.006612777709961,8.476953744888306,"[2.914273500442505, -3.4539263248443604]","[3.9672954082489014, -4.508854389190674]",0.0008039474487304688,0.008420944213867188
syco_bullshit_v2_sw_pnf_03,gap_plus,18,69,69,True,0.2395806610584259,0.8625566959381104,9.429186582565308,"[4.031975746154785, -5.020166397094727]","[4.220505237579346, -5.208313941955566]",0.00036716461181640625,0.004899263381958008
syco_bullshit_v2_sw_pnf_03,gap_plus,19,69,69,True,0.36287984251976013,1.5314582586288452,8.398379564285278,"[3.2653136253356934, -4.56241512298584]","[3.5512285232543945, -4.847085952758789]",6.4849853515625e-05,0.005855083465576172
syco_bullshit_v2_sw_pnf_03,gap_plus,20,69,69,True,0.7499107718467712,2.141845703125,10.019581198692322,"[3.8916215896606445, -4.979234218597412]","[4.468790054321289, -5.554234027862549]",0.0034427642822265625,0.0051021575927734375
syco_bullshit_v2_sw_pnf_03,gap_plus,21,69,69,True,0.6173624396324158,2.047353982925415,11.533475756645203,"[5.159454345703125, -5.430028915405273]","[5.631424903869629, -5.901183605194092]",0.0008678436279296875,0.0028595924377441406
syco_bullshit_v2_sw_pnf_03,gap_minus,13,69,69,True,1.554128885269165,2.232008695602417,-4.69693386554718,"[-0.576717734336853, 0.9829767346382141]","[-2.145886182785034, 2.5502424240112305]",0.000804901123046875,0.0034938454627990723
syco_bullshit_v2_sw_pnf_03,gap_minus,14,69,69,True,0.10318640619516373,0.6391576528549194,-3.869912028312683,"[-1.761704444885254, 1.8899691104888916]","[-1.8711994886398315, 1.998134970664978]",0.0005776882171630859,0.002972126007080078
syco_bullshit_v2_sw_pnf_03,gap_minus,15,69,69,True,1.108263611793518,1.49457585811615,-6.436792850494385,"[-2.4673125743865967, 1.9479761123657227]","[-3.4796972274780273, 2.9581799507141113]",0.0010843276977539062,0.006364583969116211
syco_bullshit_v2_sw_pnf_03,gap_minus,16,69,69,True,0.8058453798294067,1.15530526638031,-7.42580771446228,"[-3.2109761238098145, 2.8481650352478027]","[-3.893035650253296, 3.5313961505889893]",0.0013761520385742188,0.0053937435150146484
syco_bullshit_v2_sw_pnf_03,gap_minus,17,69,69,True,0.40760549902915955,1.0868340730667114,-7.5542134046554565,"[-3.6108083724975586, 3.2756612300872803]","[-3.9451334476470947, 3.609689474105835]",0.0006093978881835938,0.005713701248168945
syco_bullshit_v2_sw_pnf_03,gap_minus,18,69,69,True,0.05617793649435043,1.8777981996536255,-8.385780811309814,"[-4.233287811279297, 4.06884765625]","[-4.2742156982421875, 4.110522747039795]",0.001041412353515625,0.007999420166015625
syco_bullshit_v2_sw_pnf_03,gap_minus,19,69,69,True,0.538935124874115,2.024080991744995,-12.443769216537476,"[-6.466560363769531, 5.12867546081543]","[-6.891879558563232, 5.551260471343994]",0.000629425048828125,0.007373809814453125
syco_bullshit_v2_sw_pnf_03,gap_minus,20,69,69,True,0.4025748372077942,1.5964888334274292,-12.97796106338501,"[-6.442256927490234, 5.919809341430664]","[-6.7511515617370605, 6.228250026702881]",0.0014410018920898438,0.007439613342285156
syco_bullshit_v2_sw_pnf_03,gap_minus,21,69,69,True,1.551472783088684,1.9929426908493042,-14.799622058868408,"[-5.7297515869140625, 6.700350284576416]","[-6.915658950805664, 7.886836528778076]",0.0028743743896484375,0.006091117858886719
