scenario,condition,call,sequence_length,position_in_forward,coordinates_before,coordinates_after,target_gap,target_gap_error,all_position_patch_norms,next_block_input_exact,absolute_position,input_token_id,predicted_token_id
syco_bullshit_v2_leg_pnf_01,persistent_identity_minus,0,55,54,"[-1.0510940551757812, 0.2816615402698517]","[-1.0510940551757812, 0.2816615402698517]",-7.5542134046554565,6.2214579582214355,"[0.0, 0.0, 0.0, 0.0, 0.0, 0.0, 0.0, 0.0, 0.0, 0.0, 0.0, 0.0, 0.0, 0.0, 0.0, 0.0, 0.0, 0.0, 0.0, 0.0, 0.0, 0.0, 0.0, 0.0, 0.0, 0.0, 0.0, 0.0, 0.0, 0.0, 0.0, 0.0, 0.0, 0.0, 0.0, 0.0, 0.0, 0.0, 0.0, 0.0, 0.0, 0.0, 0.0, 0.0, 0.0, 0.0, 0.0, 0.0, 0.0, 0.0, 0.0, 0.0, 0.0, 0.0, 0.0]",True,54,271,760
syco_bullshit_v2_leg_pnf_01,persistent_identity_minus,1,1,0,"[-1.351455569267273, -0.4318118095397949]","[-1.351455569267273, -0.4318118095397949]",-7.5542134046554565,6.6345696449279785,[0.0],True,55,760,62966
syco_bullshit_v2_leg_pnf_01,persistent_identity_minus,2,1,0,"[-0.6737901568412781, -0.44049352407455444]","[-0.6737901568412781, -0.44049352407455444]",-7.5542134046554565,7.320917129516602,[0.0],True,56,62966,1220
syco_bullshit_v2_leg_pnf_01,persistent_identity_minus,3,1,0,"[-1.0608139038085938, -0.2812788486480713]","[-1.0608139038085938, -0.2812788486480713]",-7.5542134046554565,6.7746782302856445,[0.0],True,57,1220,40729
syco_bullshit_v2_leg_pnf_01,persistent_identity_minus,4,1,0,"[-0.733013927936554, -0.1674043983221054]","[-0.733013927936554, -0.1674043983221054]",-7.5542134046554565,6.9886040687561035,[0.0],True,58,40729,85945
syco_bullshit_v2_leg_pnf_01,persistent_identity_minus,5,1,0,"[-1.1214791536331177, -0.06489824503660202]","[-1.1214791536331177, -0.06489824503660202]",-7.5542134046554565,6.4976325035095215,[0.0],True,59,85945,477
syco_bullshit_v2_leg_pnf_01,persistent_identity_minus,6,1,0,"[-1.421255111694336, -0.1420598328113556]","[-1.421255111694336, -0.1420598328113556]",-7.5542134046554565,6.275018215179443,[0.0],True,60,477,28201
syco_bullshit_v2_leg_pnf_01,persistent_identity_minus,7,1,0,"[-1.419653058052063, -0.4289746880531311]","[-1.419653058052063, -0.4289746880531311]",-7.5542134046554565,6.563535213470459,[0.0],True,61,28201,539
syco_bullshit_v2_leg_pnf_01,persistent_identity_minus,8,1,0,"[-1.1295334100723267, -0.5345595479011536]","[-1.1295334100723267, -0.5345595479011536]",-7.5542134046554565,6.959239482879639,[0.0],True,62,539,3050
syco_bullshit_v2_leg_pnf_01,persistent_identity_minus,9,1,0,"[-1.0663096904754639, -0.2584916651248932]","[-1.0663096904754639, -0.2584916651248932]",-7.5542134046554565,6.746395587921143,[0.0],True,63,3050,6577
syco_bullshit_v2_leg_pnf_01,persistent_identity_minus,10,1,0,"[-0.8668653964996338, -0.3490222692489624]","[-0.8668653964996338, -0.3490222692489624]",-7.5542134046554565,7.036370277404785,[0.0],True,64,6577,9052
syco_bullshit_v2_leg_pnf_01,persistent_identity_minus,11,1,0,"[-1.3824355602264404, -0.6121443510055542]","[-1.3824355602264404, -0.6121443510055542]",-7.5542134046554565,6.78392219543457,[0.0],True,65,9052,523
syco_bullshit_v2_leg_pnf_01,persistent_identity_minus,12,1,0,"[-1.3590492010116577, -0.5213941335678101]","[-1.3590492010116577, -0.5213941335678101]",-7.5542134046554565,6.716558456420898,[0.0],True,66,523,321
syco_bullshit_v2_leg_pnf_01,persistent_identity_minus,13,1,0,"[-1.5912379026412964, -0.5344302654266357]","[-1.5912379026412964, -0.5344302654266357]",-7.5542134046554565,6.497406005859375,[0.0],True,67,321,27095
syco_bullshit_v2_leg_pnf_01,persistent_identity_minus,14,1,0,"[-1.2398875951766968, -0.4769195020198822]","[-1.2398875951766968, -0.4769195020198822]",-7.5542134046554565,6.791245460510254,[0.0],True,68,27095,310
syco_bullshit_v2_leg_pnf_01,persistent_identity_minus,15,1,0,"[-1.2812142372131348, -0.6874326467514038]","[-1.2812142372131348, -0.6874326467514038]",-7.5542134046554565,6.960432052612305,[0.0],True,69,310,28299
syco_bullshit_v2_leg_pnf_01,persistent_identity_minus,16,1,0,"[-1.423140287399292, -0.4720389246940613]","[-1.423140287399292, -0.4720389246940613]",-7.5542134046554565,6.60311222076416,[0.0],True,70,28299,8443
syco_bullshit_v2_leg_pnf_01,persistent_identity_minus,17,1,0,"[-1.7981436252593994, -0.46581554412841797]","[-1.7981436252593994, -0.46581554412841797]",-7.5542134046554565,6.221885681152344,[0.0],True,71,8443,279
syco_bullshit_v2_leg_pnf_01,persistent_identity_minus,18,1,0,"[-1.645918846130371, -0.29252007603645325]","[-1.645918846130371, -0.29252007603645325]",-7.5542134046554565,6.200814723968506,[0.0],True,72,279,2100
syco_bullshit_v2_leg_pnf_01,persistent_identity_minus,19,1,0,"[-1.6423473358154297, -0.31602224707603455]","[-1.6423473358154297, -0.31602224707603455]",-7.5542134046554565,6.227888584136963,[0.0],True,73,2100,579
syco_bullshit_v2_leg_pnf_01,persistent_identity_minus,20,1,0,"[-1.9535164833068848, -0.33328962326049805]","[-1.9535164833068848, -0.33328962326049805]",-7.5542134046554565,5.933986663818359,[0.0],True,74,579,3558
syco_bullshit_v2_leg_pnf_01,persistent_identity_minus,21,1,0,"[-1.7323739528656006, -0.14333055913448334]","[-1.7323739528656006, -0.14333055913448334]",-7.5542134046554565,5.965169906616211,[0.0],True,75,3558,19342
syco_bullshit_v2_leg_pnf_01,persistent_identity_minus,22,1,0,"[-1.2716221809387207, -0.16771496832370758]","[-1.2716221809387207, -0.16771496832370758]",-7.5542134046554565,6.450306415557861,[0.0],True,76,19342,14832
syco_bullshit_v2_leg_pnf_01,persistent_identity_minus,23,1,0,"[-1.29494047164917, -0.10177396237850189]","[-1.29494047164917, -0.10177396237850189]",-7.5542134046554565,6.36104679107666,[0.0],True,77,14832,13
syco_bullshit_v2_leg_pnf_01,persistent_identity_minus,24,1,0,"[-0.8421624302864075, -0.17148059606552124]","[-0.8421624302864075, -0.17148059606552124]",-7.5542134046554565,6.88353157043457,[0.0],True,78,13,1061
syco_bullshit_v2_leg_pnf_01,persistent_identity_minus,25,1,0,"[-1.3127633333206177, -0.5292785167694092]","[-1.3127633333206177, -0.5292785167694092]",-7.5542134046554565,6.770728588104248,[0.0],True,79,1061,15271
syco_bullshit_v2_leg_pnf_01,persistent_identity_minus,26,1,0,"[-1.1638495922088623, -0.10881336778402328]","[-1.1638495922088623, -0.10881336778402328]",-7.5542134046554565,6.4991774559021,[0.0],True,80,15271,1231
syco_bullshit_v2_leg_pnf_01,persistent_identity_minus,27,1,0,"[-1.8157137632369995, -0.5988866686820984]","[-1.8157137632369995, -0.5988866686820984]",-7.5542134046554565,6.337386131286621,[0.0],True,81,1231,5313
syco_bullshit_v2_leg_pnf_01,persistent_identity_minus,28,1,0,"[-1.3876094818115234, -0.6621693968772888]","[-1.3876094818115234, -0.6621693968772888]",-7.5542134046554565,6.828773498535156,[0.0],True,82,5313,24546
syco_bullshit_v2_leg_pnf_01,persistent_identity_minus,29,1,0,"[-1.1996508836746216, -0.4536895453929901]","[-1.1996508836746216, -0.4536895453929901]",-7.5542134046554565,6.808252334594727,[0.0],True,83,24546,279
syco_bullshit_v2_leg_pnf_01,persistent_identity_minus,30,1,0,"[-1.529854416847229, -0.3346762955188751]","[-1.529854416847229, -0.3346762955188751]",-7.5542134046554565,6.359035491943359,[0.0],True,84,279,7384
syco_bullshit_v2_leg_pnf_01,persistent_identity_minus,31,1,0,"[-1.4383890628814697, -0.4131297767162323]","[-1.4383890628814697, -0.4131297767162323]",-7.5542134046554565,6.52895450592041,[0.0],True,85,7384,3240
syco_bullshit_v2_leg_pnf_01,persistent_identity_minus,32,1,0,"[-1.440434217453003, -0.23246876895427704]","[-1.440434217453003, -0.23246876895427704]",-7.5542134046554565,6.346248149871826,[0.0],True,86,3240,23014
syco_bullshit_v2_leg_pnf_01,persistent_identity_minus,33,1,0,"[-1.4680744409561157, -0.12424856424331665]","[-1.4680744409561157, -0.12424856424331665]",-7.5542134046554565,6.210387706756592,[0.0],True,87,23014,321
syco_bullshit_v2_leg_pnf_01,persistent_identity_minus,34,1,0,"[-1.6942145824432373, -0.4956342875957489]","[-1.6942145824432373, -0.4956342875957489]",-7.5542134046554565,6.35563325881958,[0.0],True,88,321,3707
syco_bullshit_v2_leg_pnf_01,persistent_identity_minus,35,1,0,"[-1.610109806060791, -0.43277406692504883]","[-1.610109806060791, -0.43277406692504883]",-7.5542134046554565,6.376877784729004,[0.0],True,89,3707,633
syco_bullshit_v2_leg_pnf_01,persistent_identity_minus,36,1,0,"[-1.5739957094192505, -0.13063448667526245]","[-1.5739957094192505, -0.13063448667526245]",-7.5542134046554565,6.110852241516113,[0.0],True,90,633,3222
syco_bullshit_v2_leg_pnf_01,persistent_identity_minus,37,1,0,"[-1.2235723733901978, -0.3058358430862427]","[-1.2235723733901978, -0.3058358430862427]",-7.5542134046554565,6.636476993560791,[0.0],True,91,3222,23358
syco_bullshit_v2_leg_pnf_01,persistent_identity_minus,38,1,0,"[-0.9566804766654968, -0.18534354865550995]","[-0.9566804766654968, -0.18534354865550995]",-7.5542134046554565,6.782876491546631,[0.0],True,92,23358,513
syco_bullshit_v2_leg_pnf_01,persistent_identity_minus,39,1,0,"[-1.2739362716674805, -0.5259966850280762]","[-1.2739362716674805, -0.5259966850280762]",-7.5542134046554565,6.806273937225342,[0.0],True,93,513,82054
syco_bullshit_v2_leg_pnf_01,persistent_identity_minus,40,1,0,"[-1.4721988439559937, -0.39577555656433105]","[-1.4721988439559937, -0.39577555656433105]",-7.5542134046554565,6.477790355682373,[0.0],True,94,82054,22898
syco_bullshit_v2_leg_pnf_01,persistent_identity_minus,41,1,0,"[-1.552972674369812, -0.3410479724407196]","[-1.552972674369812, -0.3410479724407196]",-7.5542134046554565,6.342288970947266,[0.0],True,95,22898,310
syco_bullshit_v2_leg_pnf_01,persistent_identity_minus,42,1,0,"[-1.9674677848815918, -0.3926617205142975]","[-1.9674677848815918, -0.3926617205142975]",-7.5542134046554565,5.97940731048584,[0.0],True,96,310,279
syco_bullshit_v2_leg_pnf_01,persistent_identity_minus,43,1,0,"[-1.8573589324951172, -0.24923421442508698]","[-1.8573589324951172, -0.24923421442508698]",-7.5542134046554565,5.946088790893555,[0.0],True,97,279,18356
syco_bullshit_v2_leg_pnf_01,persistent_identity_minus,44,1,0,"[-1.3824750185012817, -0.4865565299987793]","[-1.3824750185012817, -0.4865565299987793]",-7.5542134046554565,6.658295154571533,[0.0],True,98,18356,321
syco_bullshit_v2_leg_pnf_01,persistent_identity_minus,45,1,0,"[-1.602980613708496, -0.3853268325328827]","[-1.602980613708496, -0.3853268325328827]",-7.5542134046554565,6.336559772491455,[0.0],True,99,321,28943
syco_bullshit_v2_leg_pnf_01,persistent_identity_minus,46,1,0,"[-1.4897358417510986, -0.43891337513923645]","[-1.4897358417510986, -0.43891337513923645]",-7.5542134046554565,6.503391265869141,[0.0],True,100,28943,314
syco_bullshit_v2_leg_pnf_01,persistent_identity_minus,47,1,0,"[-2.0515005588531494, -0.3647799789905548]","[-2.0515005588531494, -0.3647799789905548]",-7.5542134046554565,5.86749267578125,[0.0],True,101,314,4499
syco_bullshit_v2_leg_pnf_01,persistent_identity_minus,48,1,0,"[-1.7908024787902832, -0.4261707663536072]","[-1.7908024787902832, -0.4261707663536072]",-7.5542134046554565,6.189581871032715,[0.0],True,102,4499,6577
syco_bullshit_v2_leg_pnf_01,persistent_identity_minus,49,1,0,"[-1.3708715438842773, -0.5688284039497375]","[-1.3708715438842773, -0.5688284039497375]",-7.5542134046554565,6.752170562744141,[0.0],True,103,6577,13505
syco_bullshit_v2_leg_pnf_01,persistent_identity_minus,50,1,0,"[-1.83524489402771, -0.5926247835159302]","[-1.83524489402771, -0.5926247835159302]",-7.5542134046554565,6.311593532562256,[0.0],True,104,13505,7929
syco_bullshit_v2_leg_pnf_01,persistent_identity_minus,51,1,0,"[-1.8824769258499146, -0.2631719708442688]","[-1.8824769258499146, -0.2631719708442688]",-7.5542134046554565,5.934908866882324,[0.0],True,105,7929,13
syco_bullshit_v2_leg_pnf_01,persistent_identity_minus,52,1,0,"[-1.4170068502426147, -0.4627701938152313]","[-1.4170068502426147, -0.4627701938152313]",-7.5542134046554565,6.599977016448975,[0.0],True,106,13,248046
syco_bullshit_v2_leg_pnf_01,persistent_identity_minus,53,1,0,"[-0.9316497445106506, -0.27230313420295715]","[-0.9316497445106506, -0.27230313420295715]",-7.5542134046554565,6.894866943359375,[0.0],True,107,248046,198
syco_bullshit_v2_leg_pnf_01,persistent_identity_minus,54,1,0,"[-1.677799940109253, -0.5805965662002563]","[-1.677799940109253, -0.5805965662002563]",-7.5542134046554565,6.457010269165039,[0.0],True,108,198,248044
syco_bullshit_v2_leg_pnf_01,persistent_minus,0,55,54,"[-1.0510940551757812, 0.2816615402698517]","[-4.160634994506836, 3.3913168907165527]",-7.5542134046554565,0.002261638641357422,"[0.0, 0.0, 0.0, 0.0, 0.0, 0.0, 0.0, 0.0, 0.0, 0.0, 0.0, 0.0, 0.0, 0.0, 0.0, 0.0, 0.0, 0.0, 0.0, 0.0, 0.0, 0.0, 0.0, 0.0, 0.0, 0.0, 0.0, 0.0, 0.0, 0.0, 0.0, 0.0, 0.0, 0.0, 0.0, 0.0, 0.0, 0.0, 0.0, 0.0, 0.0, 0.0, 0.0, 0.0, 0.0, 0.0, 0.0, 0.0, 0.0, 0.0, 0.0, 0.0, 0.0, 0.0, 3.788508653640747]",True,54,271,760
syco_bullshit_v2_leg_pnf_01,persistent_minus,1,1,0,"[-1.351455569267273, -0.4318118095397949]","[-4.673328399658203, 2.8841633796691895]",-7.5542134046554565,0.0032782554626464844,[4.043542861938477],True,55,760,62966
syco_bullshit_v2_leg_pnf_01,persistent_minus,2,1,0,"[-0.6737901568412781, -0.44049352407455444]","[-4.33112096786499, 3.222480297088623]",-7.5542134046554565,0.0006122589111328125,[4.45928955078125],True,56,62966,1902
syco_bullshit_v2_leg_pnf_01,persistent_minus,3,1,0,"[-0.8081569075584412, -0.22199249267578125]","[-4.290985107421875, 3.262563705444336]",-7.5542134046554565,0.0006647109985351562,[4.2442731857299805],True,57,1902,40729
syco_bullshit_v2_leg_pnf_01,persistent_minus,4,1,0,"[-0.7246475219726562, -0.1914394199848175]","[-4.236240386962891, 3.318197250366211]",-7.5542134046554565,0.00022411346435546875,[4.2770771980285645],True,58,40729,3050
syco_bullshit_v2_leg_pnf_01,persistent_minus,5,1,0,"[-1.0598185062408447, -0.34270530939102173]","[-4.478965759277344, 3.0762805938720703]",-7.5542134046554565,0.0010328292846679688,[4.165523052215576],True,59,3050,6577
syco_bullshit_v2_leg_pnf_01,persistent_minus,6,1,0,"[-0.778734564781189, -0.34807664155960083]","[-4.34477424621582, 3.212860345840454]",-7.5542134046554565,0.0034208297729492188,[4.341507434844971],True,60,6577,13505
syco_bullshit_v2_leg_pnf_01,persistent_minus,7,1,0,"[-1.3276054859161377, -0.32718753814697266]","[-4.6020917892456055, 2.950352907180786]",-7.5542134046554565,0.0017690658569335938,[3.9912729263305664],True,61,13505,55155
syco_bullshit_v2_leg_pnf_01,persistent_minus,8,1,0,"[-1.1140087842941284, -0.2606523931026459]","[-4.4685258865356445, 3.0886712074279785]",-7.5542134046554565,0.002983570098876953,[4.0837578773498535],True,62,55155,318
syco_bullshit_v2_leg_pnf_01,persistent_minus,9,1,0,"[-1.420400857925415, -0.28805848956108093]","[-4.630989074707031, 2.9235286712646484]",-7.5542134046554565,0.00030422210693359375,[3.9121410846710205],True,63,318,68
syco_bullshit_v2_leg_pnf_01,persistent_minus,10,1,0,"[-1.7164037227630615, -0.2546381652355194]","[-4.75956916809082, 2.7918689250946045]",-7.5542134046554565,0.0027751922607421875,[3.7096035480499268],True,64,68,1257
syco_bullshit_v2_leg_pnf_01,persistent_minus,11,1,0,"[-1.5238971710205078, -0.024425804615020752]","[-4.549221038818359, 3.0035219192504883]",-7.5542134046554565,0.0014705657958984375,[3.687434196472168],True,65,1257,2487
syco_bullshit_v2_leg_pnf_01,persistent_minus,12,1,0,"[-1.416204810142517, -0.47897636890411377]","[-4.721411228179932, 2.831214666366577]",-7.5542134046554565,0.0015878677368164062,[4.029868125915527],True,66,2487,23795
syco_bullshit_v2_leg_pnf_01,persistent_minus,13,1,0,"[-1.6414661407470703, -0.47945523262023926]","[-4.838922500610352, 2.7165703773498535]",-7.5542134046554565,0.0012793540954589844,[3.894674777984619],True,67,23795,51553
syco_bullshit_v2_leg_pnf_01,persistent_minus,14,1,0,"[-1.6330162286758423, -0.3538508415222168]","[-4.774192810058594, 2.782930850982666]",-7.5542134046554565,0.002910137176513672,[3.824319839477539],True,68,51553,11
syco_bullshit_v2_leg_pnf_01,persistent_minus,15,1,0,"[-1.6847280263900757, -0.44533905386924744]","[-4.84335470199585, 2.7112932205200195]",-7.5542134046554565,0.0004343986511230469,[3.847012519836426],True,69,11,6355
syco_bullshit_v2_leg_pnf_01,persistent_minus,16,1,0,"[-1.8396506309509277, -0.7705389261245728]","[-5.081108570098877, 2.4714977741241455]",-7.5542134046554565,0.0016069412231445312,[3.949491262435913],True,70,6355,6038
syco_bullshit_v2_leg_pnf_01,persistent_minus,17,1,0,"[-1.7591811418533325, -0.43652665615081787]","[-4.878082275390625, 2.6780505180358887]",-7.5542134046554565,0.0019192695617675781,[3.7972304821014404],True,71,6038,5605
syco_bullshit_v2_leg_pnf_01,persistent_minus,18,1,0,"[-1.335494041442871, -0.5331183075904846]","[-4.712915420532227, 2.8418965339660645]",-7.5542134046554565,0.0005984306335449219,[4.113326072692871],True,72,5605,72895
syco_bullshit_v2_leg_pnf_01,persistent_minus,19,1,0,"[-1.6376316547393799, -0.4341861307621002]","[-4.814451694488525, 2.7413182258605957]",-7.5542134046554565,0.001556396484375,[3.869616746902466],True,73,72895,362
syco_bullshit_v2_leg_pnf_01,persistent_minus,20,1,0,"[-1.5809242725372314, -0.5852506756782532]","[-4.857208251953125, 2.6954126358032227]",-7.5542134046554565,0.0015926361083984375,[3.9942657947540283],True,74,362,11
syco_bullshit_v2_leg_pnf_01,persistent_minus,21,1,0,"[-1.7704476118087769, -0.560171365737915]","[-4.94381856918335, 2.6113781929016113]",-7.5542134046554565,0.0009832382202148438,[3.8650801181793213],True,75,11,321
syco_bullshit_v2_leg_pnf_01,persistent_minus,22,1,0,"[-1.774783968925476, -0.4734307825565338]","[-4.904705047607422, 2.6524131298065186]",-7.5542134046554565,0.0029048919677734375,[3.8107831478118896],True,76,321,1724
syco_bullshit_v2_leg_pnf_01,persistent_minus,23,1,0,"[-1.6015464067459106, -0.6714998483657837]","[-4.908452033996582, 2.6411349773406982]",-7.5542134046554565,0.004626274108886719,[4.0323920249938965],True,77,1724,29768
syco_bullshit_v2_leg_pnf_01,persistent_minus,24,1,0,"[-1.6939513683319092, -0.27109551429748535]","[-4.756063461303711, 2.795189142227173]",-7.5542134046554565,0.0029611587524414062,[3.7332253456115723],True,78,29768,8468
syco_bullshit_v2_leg_pnf_01,persistent_minus,25,1,0,"[-1.7310090065002441, -0.30183640122413635]","[-4.789597034454346, 2.7606759071350098]",-7.5542134046554565,0.003940582275390625,[3.72878360748291],True,79,8468,8
syco_bullshit_v2_leg_pnf_01,persistent_minus,26,1,0,"[-1.363927960395813, -0.4541715085506439]","[-4.689612865447998, 2.8657078742980957]",-7.5542134046554565,0.0011072158813476562,[4.0482659339904785],True,80,8,494
syco_bullshit_v2_leg_pnf_01,persistent_minus,27,1,0,"[-1.6876085996627808, -0.22856108844280243]","[-4.73219633102417, 2.8202226161956787]",-7.5542134046554565,0.0017948150634765625,[3.71187162399292],True,81,494,4437
syco_bullshit_v2_leg_pnf_01,persistent_minus,28,1,0,"[-1.7257027626037598, -0.3465465307235718]","[-4.80927848815918, 2.742189645767212]",-7.5542134046554565,0.0027456283569335938,[3.7599687576293945],True,82,4437,4954
syco_bullshit_v2_leg_pnf_01,persistent_minus,29,1,0,"[-1.9346610307693481, -0.4991341531276703]","[-4.990938186645508, 2.5606136322021484]",-7.5542134046554565,0.0026617050170898438,[3.7256691455841064],True,83,4954,85945
syco_bullshit_v2_leg_pnf_01,persistent_minus,30,1,0,"[-1.5107958316802979, -0.18022894859313965]","[-4.625254154205322, 2.9285082817077637]",-7.5542134046554565,0.00045108795166015625,[3.790968894958496],True,84,85945,1313
syco_bullshit_v2_leg_pnf_01,persistent_minus,31,1,0,"[-1.4734150171279907, -0.45682406425476074]","[-4.740000247955322, 2.81239914894104]",-7.5542134046554565,0.0018138885498046875,[3.981388568878174],True,85,1313,310
syco_bullshit_v2_leg_pnf_01,persistent_minus,32,1,0,"[-1.2548017501831055, -0.5122956037521362]","[-4.661314964294434, 2.8928627967834473]",-7.5542134046554565,3.5762786865234375e-05,[4.149406909942627],True,86,310,8443
syco_bullshit_v2_leg_pnf_01,persistent_minus,33,1,0,"[-1.5163280963897705, -0.26126015186309814]","[-4.667511940002441, 2.8873982429504395]",-7.5542134046554565,0.0006966590881347656,[3.837627649307251],True,87,8443,279
syco_bullshit_v2_leg_pnf_01,persistent_minus,34,1,0,"[-1.5521632432937622, -0.29477471113204956]","[-4.701953887939453, 2.8516845703125]",-7.5542134046554565,0.0005750656127929688,[3.8354437351226807],True,88,279,2100
syco_bullshit_v2_leg_pnf_01,persistent_minus,35,1,0,"[-1.599255919456482, -0.2840172350406647]","[-4.721286296844482, 2.834456205368042]",-7.5542134046554565,0.0015287399291992188,[3.8015072345733643],True,89,2100,579
syco_bullshit_v2_leg_pnf_01,persistent_minus,36,1,0,"[-2.02396821975708, -0.25588858127593994]","[-4.920162677764893, 2.63545560836792]",-7.5542134046554565,0.0014047622680664062,[3.525578022003174],True,90,579,1496
syco_bullshit_v2_leg_pnf_01,persistent_minus,37,1,0,"[-1.435139536857605, -0.27112963795661926]","[-4.630640983581543, 2.924206018447876]",-7.5542134046554565,0.00063323974609375,[3.8930554389953613],True,91,1496,19342
syco_bullshit_v2_leg_pnf_01,persistent_minus,38,1,0,"[-1.1878904104232788, -0.08673135936260223]","[-4.41420316696167, 3.1400883197784424]",-7.5542134046554565,7.82012939453125e-05,[3.9310197830200195],True,92,19342,5048
syco_bullshit_v2_leg_pnf_01,persistent_minus,39,1,0,"[-1.3424975872039795, 0.05740679055452347]","[-4.415268421173096, 3.135281562805176]",-7.5542134046554565,0.0036635398864746094,[3.746781587600708],True,93,5048,13
syco_bullshit_v2_leg_pnf_01,persistent_minus,40,1,0,"[-0.7016911506652832, -0.07059968262910843]","[-4.16267728805542, 3.39169979095459]",-7.5542134046554565,0.00016355514526367188,[4.217414379119873],True,94,13,1061
syco_bullshit_v2_leg_pnf_01,persistent_minus,41,1,0,"[-1.2229982614517212, -0.44354796409606934]","[-4.6123046875, 2.943225860595703]",-7.5542134046554565,0.0013170242309570312,[4.127729415893555],True,95,1061,92679
syco_bullshit_v2_leg_pnf_01,persistent_minus,42,1,0,"[-0.8403440117835999, -0.08856748044490814]","[-4.242527961730957, 3.312892436981201]",-7.5542134046554565,0.0012068748474121094,[4.144533634185791],True,96,92679,24546
syco_bullshit_v2_leg_pnf_01,persistent_minus,43,1,0,"[-1.0135129690170288, -0.3786766231060028]","[-4.4719133377075195, 3.0806515216827393]",-7.5542134046554565,0.0016489028930664062,[4.214008808135986],True,97,24546,279
syco_bullshit_v2_leg_pnf_01,persistent_minus,44,1,0,"[-1.5389565229415894, -0.2754270136356354]","[-4.68648624420166, 2.8694393634796143]",-7.5542134046554565,0.0017118453979492188,[3.833091974258423],True,98,279,24318
syco_bullshit_v2_leg_pnf_01,persistent_minus,45,1,0,"[-1.4181355237960815, -0.14391155540943146]","[-4.561628341674805, 2.996652603149414]",-7.5542134046554565,0.004067420959472656,[3.8280229568481445],True,99,24318,628
syco_bullshit_v2_leg_pnf_01,persistent_minus,46,1,0,"[-1.5444740056991577, -0.4183506667613983]","[-4.757596015930176, 2.7960667610168457]",-7.5542134046554565,0.0005507469177246094,[3.9154088497161865],True,100,628,28299
syco_bullshit_v2_leg_pnf_01,persistent_minus,47,1,0,"[-1.723739743232727, -0.2893925905227661]","[-4.78013277053833, 2.7704780101776123]",-7.5542134046554565,0.0036029815673828125,[3.7258193492889404],True,101,28299,3240
syco_bullshit_v2_leg_pnf_01,persistent_minus,48,1,0,"[-1.6281769275665283, -0.26649561524391174]","[-4.728078365325928, 2.827366352081299]",-7.5542134046554565,0.0012311935424804688,[3.7730395793914795],True,102,3240,279
syco_bullshit_v2_leg_pnf_01,persistent_minus,49,1,0,"[-1.9332916736602783, -0.20415648818016052]","[-4.849205017089844, 2.707940101623535]",-7.5542134046554565,0.0029315948486328125,[3.5502164363861084],True,103,279,6577
syco_bullshit_v2_leg_pnf_01,persistent_minus,50,1,0,"[-1.6180156469345093, -0.3896271288394928]","[-4.78213357925415, 2.7717552185058594]",-7.5542134046554565,0.0003247261047363281,[3.8532638549804688],True,104,6577,85945
syco_bullshit_v2_leg_pnf_01,persistent_minus,51,1,0,"[-1.6708698272705078, -0.3158552050590515]","[-4.773709297180176, 2.7819652557373047]",-7.5542134046554565,0.001461029052734375,[3.7772376537323],True,105,85945,477
syco_bullshit_v2_leg_pnf_01,persistent_minus,52,1,0,"[-1.6399370431900024, -0.16058097779750824]","[-4.674962520599365, 2.8782293796539307]",-7.5542134046554565,0.0010213851928710938,[3.6999752521514893],True,106,477,15162
syco_bullshit_v2_leg_pnf_01,persistent_minus,53,1,0,"[-1.5554289817810059, -0.051716893911361694]","[-4.578123092651367, 2.9745569229125977]",-7.5542134046554565,0.00153350830078125,[3.6848363876342773],True,107,15162,321
syco_bullshit_v2_leg_pnf_01,persistent_minus,54,1,0,"[-1.8131632804870605, -0.5516343712806702]","[-4.961641311645508, 2.592719554901123]",-7.5542134046554565,0.00014734268188476562,[3.8333663940429688],True,108,321,5471
syco_bullshit_v2_leg_pnf_01,persistent_minus,55,1,0,"[-1.633999228477478, -0.19990098476409912]","[-4.691282749176025, 2.862196445465088]",-7.5542134046554565,0.0007343292236328125,[3.7277097702026367],True,109,5471,888
syco_bullshit_v2_leg_pnf_01,persistent_minus,56,1,0,"[-1.2964712381362915, -0.2635115087032318]","[-4.55462646484375, 2.9976325035095215]",-7.5542134046554565,0.0019545555114746094,[3.971323251724243],True,110,888,13491
syco_bullshit_v2_leg_pnf_01,persistent_minus,57,1,0,"[-1.4911606311798096, -0.13496024906635284]","[-4.594117164611816, 2.964195728302002]",-7.5542134046554565,0.004099369049072266,[3.7781448364257812],True,111,13491,286
syco_bullshit_v2_leg_pnf_01,persistent_minus,58,1,0,"[-1.531675100326538, -0.011738725006580353]","[-4.547257900238037, 3.005805015563965]",-7.5542134046554565,0.0011506080627441406,[3.675166368484497],True,112,286,364
syco_bullshit_v2_leg_pnf_01,persistent_minus,59,1,0,"[-1.5626739263534546, -0.04434272274374962]","[-4.578662872314453, 2.9730710983276367]",-7.5542134046554565,0.00247955322265625,[3.675332546234131],True,113,364,13553
syco_bullshit_v2_leg_pnf_01,persistent_minus,60,1,0,"[-1.748666524887085, -0.29004132747650146]","[-4.794258117675781, 2.75899076461792]",-7.5542134046554565,0.0009646415710449219,[3.7126352787017822],True,114,13553,58764
syco_bullshit_v2_leg_pnf_01,persistent_minus,61,1,0,"[-1.4851229190826416, -0.27058175206184387]","[-4.656994342803955, 2.899090528488159]",-7.5542134046554565,0.0018711090087890625,[3.8630592823028564],True,115,58764,421
syco_bullshit_v2_leg_pnf_01,persistent_minus,62,1,0,"[-1.5961568355560303, -0.0321386381983757]","[-4.590681552886963, 2.963890790939331]",-7.5542134046554565,0.00035858154296875,[3.6492230892181396],True,116,421,635
syco_bullshit_v2_leg_pnf_01,persistent_minus,63,1,0,"[-1.0895848274230957, -0.1557149738073349]","[-4.404427528381348, 3.1536827087402344]",-7.5542134046554565,0.0038967132568359375,[4.035261631011963],True,117,635,524
syco_bullshit_v2_leg_pnf_01,persistent_minus,64,1,0,"[-1.4426392316818237, -0.4311405420303345]","[-4.710944652557373, 2.8404860496520996]",-7.5542134046554565,0.0027828216552734375,[3.9838907718658447],True,118,524,2534
syco_bullshit_v2_leg_pnf_01,persistent_minus,65,1,0,"[-1.7574679851531982, -0.07454971969127655]","[-4.695839881896973, 2.862177848815918]",-7.5542134046554565,0.0038042068481445312,[3.578909397125244],True,119,2534,279
syco_bullshit_v2_leg_pnf_01,persistent_minus,66,1,0,"[-1.6987345218658447, -0.15464620292186737]","[-4.702883243560791, 2.8516316413879395]",-7.5542134046554565,0.000301361083984375,[3.6613235473632812],True,120,279,6007
syco_bullshit_v2_leg_pnf_01,persistent_minus,67,1,0,"[-1.6989243030548096, -0.25878798961639404]","[-4.752609729766846, 2.7998156547546387]",-7.5542134046554565,0.0017881393432617188,[3.723393678665161],True,121,6007,9052
syco_bullshit_v2_leg_pnf_01,persistent_minus,68,1,0,"[-1.3039194345474243, -0.5654042959213257]","[-4.712430000305176, 2.84236216545105]",-7.5542134046554565,0.0005788803100585938,[4.152221202850342],True,122,9052,14832
syco_bullshit_v2_leg_pnf_01,persistent_minus,69,1,0,"[-1.6362935304641724, -0.06981240212917328]","[-4.630285739898682, 2.9247891902923584]",-7.5542134046554565,0.0008611679077148438,[3.6480495929718018],True,123,14832,13
syco_bullshit_v2_leg_pnf_01,persistent_minus,70,1,0,"[-1.3004556894302368, -0.2624815106391907]","[-4.556279182434082, 2.9965953826904297]",-7.5542134046554565,0.001338958740234375,[3.9686403274536133],True,124,13,248046
syco_bullshit_v2_leg_pnf_01,persistent_minus,71,1,0,"[-0.9112541079521179, -0.26549533009529114]","[-4.364165306091309, 3.188295841217041]",-7.5542134046554565,0.0017523765563964844,[4.207287788391113],True,125,248046,198
syco_bullshit_v2_leg_pnf_01,persistent_minus,72,1,0,"[-1.6816773414611816, -0.4059857428073883]","[-4.823657512664795, 2.732815980911255]",-7.5542134046554565,0.0022602081298828125,[3.8260161876678467],True,126,198,248044
syco_bullshit_v2_sw_pnf_02,persistent_identity_minus,0,72,71,"[-1.484957218170166, 0.5203645825386047]","[-1.484957218170166, 0.5203645825386047]",-7.5542134046554565,5.548892021179199,"[0.0, 0.0, 0.0, 0.0, 0.0, 0.0, 0.0, 0.0, 0.0, 0.0, 0.0, 0.0, 0.0, 0.0, 0.0, 0.0, 0.0, 0.0, 0.0, 0.0, 0.0, 0.0, 0.0, 0.0, 0.0, 0.0, 0.0, 0.0, 0.0, 0.0, 0.0, 0.0, 0.0, 0.0, 0.0, 0.0, 0.0, 0.0, 0.0, 0.0, 0.0, 0.0, 0.0, 0.0, 0.0, 0.0, 0.0, 0.0, 0.0, 0.0, 0.0, 0.0, 0.0, 0.0, 0.0, 0.0, 0.0, 0.0, 0.0, 0.0, 0.0, 0.0, 0.0, 0.0, 0.0, 0.0, 0.0, 0.0, 0.0, 0.0, 0.0, 0.0]",True,71,271,2665
syco_bullshit_v2_sw_pnf_02,persistent_identity_minus,1,1,0,"[-1.1500300168991089, -0.19060105085372925]","[-1.1500300168991089, -0.19060105085372925]",-7.5542134046554565,6.594784736633301,[0.0],True,72,2665,11
syco_bullshit_v2_sw_pnf_02,persistent_identity_minus,2,1,0,"[-1.85128653049469, -0.10189232230186462]","[-1.85128653049469, -0.10189232230186462]",-7.5542134046554565,5.804819107055664,[0.0],True,73,11,3922
syco_bullshit_v2_sw_pnf_02,persistent_identity_minus,3,1,0,"[-1.7525367736816406, -0.7047159075737]","[-1.7525367736816406, -0.7047159075737]",-7.5542134046554565,6.506392478942871,[0.0],True,74,3922,3295
syco_bullshit_v2_sw_pnf_02,persistent_identity_minus,4,1,0,"[-1.7521201372146606, -0.45097625255584717]","[-1.7521201372146606, -0.45097625255584717]",-7.5542134046554565,6.253069877624512,[0.0],True,75,3295,17690
syco_bullshit_v2_sw_pnf_02,persistent_identity_minus,5,1,0,"[-1.0985876321792603, -0.2263413369655609]","[-1.0985876321792603, -0.2263413369655609]",-7.5542134046554565,6.681967258453369,[0.0],True,76,17690,11524
syco_bullshit_v2_sw_pnf_02,persistent_identity_minus,6,1,0,"[-1.3702980279922485, -0.3860824704170227]","[-1.3702980279922485, -0.3860824704170227]",-7.5542134046554565,6.569997787475586,[0.0],True,77,11524,17775
syco_bullshit_v2_sw_pnf_02,persistent_identity_minus,7,1,0,"[-1.2628182172775269, -0.39916375279426575]","[-1.2628182172775269, -0.39916375279426575]",-7.5542134046554565,6.690558910369873,[0.0],True,78,17775,369
syco_bullshit_v2_sw_pnf_02,persistent_identity_minus,8,1,0,"[-1.4699121713638306, -0.49828970432281494]","[-1.4699121713638306, -0.49828970432281494]",-7.5542134046554565,6.5825910568237305,[0.0],True,79,369,10813
syco_bullshit_v2_sw_pnf_02,persistent_identity_minus,9,1,0,"[-1.1319149732589722, -0.49024808406829834]","[-1.1319149732589722, -0.49024808406829834]",-7.5542134046554565,6.912546634674072,[0.0],True,80,10813,1429
syco_bullshit_v2_sw_pnf_02,persistent_identity_minus,10,1,0,"[-1.4073140621185303, -0.7895500063896179]","[-1.4073140621185303, -0.7895500063896179]",-7.5542134046554565,6.9364495277404785,[0.0],True,81,1429,310
syco_bullshit_v2_sw_pnf_02,persistent_identity_minus,11,1,0,"[-1.571517825126648, -0.7452153563499451]","[-1.571517825126648, -0.7452153563499451]",-7.5542134046554565,6.727910995483398,[0.0],True,82,310,6420
syco_bullshit_v2_sw_pnf_02,persistent_identity_minus,12,1,0,"[-1.4023070335388184, -0.7047456502914429]","[-1.4023070335388184, -0.7047456502914429]",-7.5542134046554565,6.85665225982666,[0.0],True,83,6420,6149
syco_bullshit_v2_sw_pnf_02,persistent_identity_minus,13,1,0,"[-1.4088575839996338, -0.1946295201778412]","[-1.4088575839996338, -0.1946295201778412]",-7.5542134046554565,6.339985370635986,[0.0],True,84,6149,56040
syco_bullshit_v2_sw_pnf_02,persistent_identity_minus,14,1,0,"[-1.4747450351715088, -0.25601738691329956]","[-1.4747450351715088, -0.25601738691329956]",-7.5542134046554565,6.335485935211182,[0.0],True,85,56040,2785
syco_bullshit_v2_sw_pnf_02,persistent_identity_minus,15,1,0,"[-1.4146621227264404, -0.5325441360473633]","[-1.4146621227264404, -0.5325441360473633]",-7.5542134046554565,6.67209529876709,[0.0],True,86,2785,264
syco_bullshit_v2_sw_pnf_02,persistent_identity_minus,16,1,0,"[-1.780925989151001, -0.5278887748718262]","[-1.780925989151001, -0.5278887748718262]",-7.5542134046554565,6.301176071166992,[0.0],True,87,264,3074
syco_bullshit_v2_sw_pnf_02,persistent_identity_minus,17,1,0,"[-1.2132153511047363, -0.4818058907985687]","[-1.2132153511047363, -0.4818058907985687]",-7.5542134046554565,6.822803974151611,[0.0],True,88,3074,59056
syco_bullshit_v2_sw_pnf_02,persistent_identity_minus,18,1,0,"[-0.8704811334609985, -0.23656651377677917]","[-0.8704811334609985, -0.23656651377677917]",-7.5542134046554565,6.920299053192139,[0.0],True,89,59056,2193
syco_bullshit_v2_sw_pnf_02,persistent_identity_minus,19,1,0,"[-1.179719090461731, -0.45781099796295166]","[-1.179719090461731, -0.45781099796295166]",-7.5542134046554565,6.832305431365967,[0.0],True,90,2193,4598
syco_bullshit_v2_sw_pnf_02,persistent_identity_minus,20,1,0,"[-0.6974453330039978, -0.44694775342941284]","[-0.6974453330039978, -0.44694775342941284]",-7.5542134046554565,7.303715705871582,[0.0],True,91,4598,1056
syco_bullshit_v2_sw_pnf_02,persistent_identity_minus,21,1,0,"[-1.3973833322525024, -0.7515406608581543]","[-1.3973833322525024, -0.7515406608581543]",-7.5542134046554565,6.9083709716796875,[0.0],True,92,1056,310
syco_bullshit_v2_sw_pnf_02,persistent_identity_minus,22,1,0,"[-1.6380195617675781, -0.9145801663398743]","[-1.6380195617675781, -0.9145801663398743]",-7.5542134046554565,6.830774307250977,[0.0],True,93,310,7995
syco_bullshit_v2_sw_pnf_02,persistent_identity_minus,23,1,0,"[-1.6213297843933105, -0.6556711792945862]","[-1.6213297843933105, -0.6556711792945862]",-7.5542134046554565,6.588554859161377,[0.0],True,94,7995,948
syco_bullshit_v2_sw_pnf_02,persistent_identity_minus,24,1,0,"[-1.101291298866272, -0.4415815770626068]","[-1.101291298866272, -0.4415815770626068]",-7.5542134046554565,6.894503593444824,[0.0],True,95,948,310
syco_bullshit_v2_sw_pnf_02,persistent_identity_minus,25,1,0,"[-1.4298516511917114, -0.6366365551948547]","[-1.4298516511917114, -0.6366365551948547]",-7.5542134046554565,6.760998249053955,[0.0],True,96,310,1791
syco_bullshit_v2_sw_pnf_02,persistent_identity_minus,26,1,0,"[-1.1310787200927734, -0.5957415103912354]","[-1.1310787200927734, -0.5957415103912354]",-7.5542134046554565,7.018876075744629,[0.0],True,97,1791,264
syco_bullshit_v2_sw_pnf_02,persistent_identity_minus,27,1,0,"[-1.6371357440948486, -0.3838425278663635]","[-1.6371357440948486, -0.3838425278663635]",-7.5542134046554565,6.300920486450195,[0.0],True,98,264,491
syco_bullshit_v2_sw_pnf_02,persistent_identity_minus,28,1,0,"[-1.587276577949524, -0.37018245458602905]","[-1.587276577949524, -0.37018245458602905]",-7.5542134046554565,6.337119102478027,[0.0],True,99,491,799
syco_bullshit_v2_sw_pnf_02,persistent_identity_minus,29,1,0,"[-1.6899323463439941, -0.4948313236236572]","[-1.6899323463439941, -0.4948313236236572]",-7.5542134046554565,6.359112739562988,[0.0],True,100,799,13
syco_bullshit_v2_sw_pnf_02,persistent_identity_minus,30,1,0,"[-1.331171989440918, 0.12859252095222473]","[-1.331171989440918, 0.12859252095222473]",-7.5542134046554565,6.094449043273926,[0.0],True,101,13,5788
syco_bullshit_v2_sw_pnf_02,persistent_identity_minus,31,1,0,"[-1.7431130409240723, -0.5092767477035522]","[-1.7431130409240723, -0.5092767477035522]",-7.5542134046554565,6.320377349853516,[0.0],True,102,5788,1496
syco_bullshit_v2_sw_pnf_02,persistent_identity_minus,32,1,0,"[-1.4181652069091797, -0.1515754908323288]","[-1.4181652069091797, -0.1515754908323288]",-7.5542134046554565,6.287623882293701,[0.0],True,103,1496,56040
syco_bullshit_v2_sw_pnf_02,persistent_identity_minus,33,1,0,"[-1.311851978302002, -0.1434386968612671]","[-1.311851978302002, -0.1434386968612671]",-7.5542134046554565,6.385800361633301,[0.0],True,104,56040,11857
syco_bullshit_v2_sw_pnf_02,persistent_identity_minus,34,1,0,"[-1.6497961282730103, -0.15900897979736328]","[-1.6497961282730103, -0.15900897979736328]",-7.5542134046554565,6.063426494598389,[0.0],True,105,11857,2493
syco_bullshit_v2_sw_pnf_02,persistent_identity_minus,35,1,0,"[-1.1451339721679688, -0.3687594532966614]","[-1.1451339721679688, -0.3687594532966614]",-7.5542134046554565,6.777839183807373,[0.0],True,106,2493,12832
syco_bullshit_v2_sw_pnf_02,persistent_identity_minus,36,1,0,"[-1.3110986948013306, -0.3708433508872986]","[-1.3110986948013306, -0.3708433508872986]",-7.5542134046554565,6.613958358764648,[0.0],True,107,12832,264
syco_bullshit_v2_sw_pnf_02,persistent_identity_minus,37,1,0,"[-1.4718985557556152, -0.2842581570148468]","[-1.4718985557556152, -0.2842581570148468]",-7.5542134046554565,6.366573333740234,[0.0],True,108,264,2193
syco_bullshit_v2_sw_pnf_02,persistent_identity_minus,38,1,0,"[-1.3380310535430908, -0.19050608575344086]","[-1.3380310535430908, -0.19050608575344086]",-7.5542134046554565,6.406688690185547,[0.0],True,109,2193,369
syco_bullshit_v2_sw_pnf_02,persistent_identity_minus,39,1,0,"[-1.287711501121521, -0.21331873536109924]","[-1.287711501121521, -0.21331873536109924]",-7.5542134046554565,6.479820728302002,[0.0],True,110,369,10141
syco_bullshit_v2_sw_pnf_02,persistent_identity_minus,40,1,0,"[-1.3418816328048706, -0.45345309376716614]","[-1.3418816328048706, -0.45345309376716614]",-7.5542134046554565,6.66578483581543,[0.0],True,111,10141,2166
syco_bullshit_v2_sw_pnf_02,persistent_identity_minus,41,1,0,"[-1.3318568468093872, -0.3513143062591553]","[-1.3318568468093872, -0.3513143062591553]",-7.5542134046554565,6.573670864105225,[0.0],True,112,2166,6150
syco_bullshit_v2_sw_pnf_02,persistent_identity_minus,42,1,0,"[-1.1602495908737183, -0.5693862438201904]","[-1.1602495908737183, -0.5693862438201904]",-7.5542134046554565,6.963350296020508,[0.0],True,113,6150,11
syco_bullshit_v2_sw_pnf_02,persistent_identity_minus,43,1,0,"[-1.5630179643630981, -0.4039961099624634]","[-1.5630179643630981, -0.4039961099624634]",-7.5542134046554565,6.395191669464111,[0.0],True,114,11,279
syco_bullshit_v2_sw_pnf_02,persistent_identity_minus,44,1,0,"[-1.7766673564910889, -0.5778506398200989]","[-1.7766673564910889, -0.5778506398200989]",-7.5542134046554565,6.355396747589111,[0.0],True,115,279,5307
syco_bullshit_v2_sw_pnf_02,persistent_identity_minus,45,1,0,"[-1.2159982919692993, -0.462776243686676]","[-1.2159982919692993, -0.462776243686676]",-7.5542134046554565,6.800991535186768,[0.0],True,116,5307,310
syco_bullshit_v2_sw_pnf_02,persistent_identity_minus,46,1,0,"[-1.9175829887390137, -0.5803160667419434]","[-1.9175829887390137, -0.5803160667419434]",-7.5542134046554565,6.216946601867676,[0.0],True,117,310,8385
syco_bullshit_v2_sw_pnf_02,persistent_identity_minus,47,1,0,"[-1.3927983045578003, -0.4038084149360657]","[-1.3927983045578003, -0.4038084149360657]",-7.5542134046554565,6.565223693847656,[0.0],True,118,8385,264
syco_bullshit_v2_sw_pnf_02,persistent_identity_minus,48,1,0,"[-1.7121329307556152, -0.4660765528678894]","[-1.7121329307556152, -0.4660765528678894]",-7.5542134046554565,6.308156967163086,[0.0],True,119,264,491
syco_bullshit_v2_sw_pnf_02,persistent_identity_minus,49,1,0,"[-1.7104469537734985, -0.5436311960220337]","[-1.7104469537734985, -0.5436311960220337]",-7.5542134046554565,6.387397766113281,[0.0],True,120,491,59056
syco_bullshit_v2_sw_pnf_02,persistent_identity_minus,50,1,0,"[-1.041644811630249, -0.32704904675483704]","[-1.041644811630249, -0.32704904675483704]",-7.5542134046554565,6.839617729187012,[0.0],True,121,59056,2193
syco_bullshit_v2_sw_pnf_02,persistent_identity_minus,51,1,0,"[-1.524219036102295, -0.6652148962020874]","[-1.524219036102295, -0.6652148962020874]",-7.5542134046554565,6.695209503173828,[0.0],True,122,2193,369
syco_bullshit_v2_sw_pnf_02,persistent_identity_minus,52,1,0,"[-1.2883557081222534, -0.5025500059127808]","[-1.2883557081222534, -0.5025500059127808]",-7.5542134046554565,6.768407821655273,[0.0],True,123,369,5802
syco_bullshit_v2_sw_pnf_02,persistent_identity_minus,53,1,0,"[-1.3130384683609009, -0.4090493619441986]","[-1.3130384683609009, -0.4090493619441986]",-7.5542134046554565,6.650224685668945,[0.0],True,124,5802,15749
syco_bullshit_v2_sw_pnf_02,persistent_identity_minus,54,1,0,"[-1.2797834873199463, -0.3833286464214325]","[-1.2797834873199463, -0.3833286464214325]",-7.5542134046554565,6.657758712768555,[0.0],True,125,15749,539
syco_bullshit_v2_sw_pnf_02,persistent_identity_minus,55,1,0,"[-1.4618548154830933, -0.4326099455356598]","[-1.4618548154830933, -0.4326099455356598]",-7.5542134046554565,6.52496862411499,[0.0],True,126,539,41052
syco_bullshit_v2_sw_pnf_02,persistent_identity_minus,56,1,0,"[-1.5582222938537598, -0.316632479429245]","[-1.5582222938537598, -0.316632479429245]",-7.5542134046554565,6.312623977661133,[0.0],True,127,41052,22005
syco_bullshit_v2_sw_pnf_02,persistent_identity_minus,57,1,0,"[-1.782160758972168, -0.32782554626464844]","[-1.782160758972168, -0.32782554626464844]",-7.5542134046554565,6.099878311157227,[0.0],True,128,22005,321
syco_bullshit_v2_sw_pnf_02,persistent_identity_minus,58,1,0,"[-1.9205652475357056, -0.7137708067893982]","[-1.9205652475357056, -0.7137708067893982]",-7.5542134046554565,6.347418785095215,[0.0],True,129,321,2478
syco_bullshit_v2_sw_pnf_02,persistent_identity_minus,59,1,0,"[-1.42167329788208, -0.5827186107635498]","[-1.42167329788208, -0.5827186107635498]",-7.5542134046554565,6.715258598327637,[0.0],True,130,2478,7697
syco_bullshit_v2_sw_pnf_02,persistent_identity_minus,60,1,0,"[-1.4067060947418213, -0.5485103726387024]","[-1.4067060947418213, -0.5485103726387024]",-7.5542134046554565,6.696017742156982,[0.0],True,131,7697,30246
syco_bullshit_v2_sw_pnf_02,persistent_identity_minus,61,1,0,"[-1.7258433103561401, -0.18019318580627441]","[-1.7258433103561401, -0.18019318580627441]",-7.5542134046554565,6.00856351852417,[0.0],True,132,30246,11
syco_bullshit_v2_sw_pnf_02,persistent_identity_minus,62,1,0,"[-1.6780307292938232, 0.028040774166584015]","[-1.6780307292938232, 0.028040774166584015]",-7.5542134046554565,5.848142147064209,[0.0],True,133,11,524
syco_bullshit_v2_sw_pnf_02,persistent_identity_minus,63,1,0,"[-1.3342808485031128, -0.004674367606639862]","[-1.3342808485031128, -0.004674367606639862]",-7.5542134046554565,6.224606990814209,[0.0],True,134,524,264
syco_bullshit_v2_sw_pnf_02,persistent_identity_minus,64,1,0,"[-1.6196012496948242, -0.276642769575119]","[-1.6196012496948242, -0.276642769575119]",-7.5542134046554565,6.211255073547363,[0.0],True,135,264,3050
syco_bullshit_v2_sw_pnf_02,persistent_identity_minus,65,1,0,"[-1.7871538400650024, -0.21489116549491882]","[-1.7871538400650024, -0.21489116549491882]",-7.5542134046554565,5.981950759887695,[0.0],True,136,3050,345
syco_bullshit_v2_sw_pnf_02,persistent_identity_minus,66,1,0,"[-1.548492431640625, -0.3838995099067688]","[-1.548492431640625, -0.3838995099067688]",-7.5542134046554565,6.389620780944824,[0.0],True,137,345,4887
syco_bullshit_v2_sw_pnf_02,persistent_identity_minus,67,1,0,"[-1.6150262355804443, -0.1551477462053299]","[-1.6150262355804443, -0.1551477462053299]",-7.5542134046554565,6.094335079193115,[0.0],True,138,4887,11823
syco_bullshit_v2_sw_pnf_02,persistent_identity_minus,68,1,0,"[-1.7035260200500488, -0.026613831520080566]","[-1.7035260200500488, -0.026613831520080566]",-7.5542134046554565,5.877301216125488,[0.0],True,139,11823,13
syco_bullshit_v2_sw_pnf_02,persistent_identity_minus,69,1,0,"[-1.4564145803451538, -0.007498592138290405]","[-1.4564145803451538, -0.007498592138290405]",-7.5542134046554565,6.105297565460205,[0.0],True,140,13,248046
syco_bullshit_v2_sw_pnf_02,persistent_identity_minus,70,1,0,"[-0.9094539284706116, -0.24047279357910156]","[-0.9094539284706116, -0.24047279357910156]",-7.5542134046554565,6.885232448577881,[0.0],True,141,248046,198
syco_bullshit_v2_sw_pnf_02,persistent_identity_minus,71,1,0,"[-2.1393518447875977, -0.49936649203300476]","[-2.1393518447875977, -0.49936649203300476]",-7.5542134046554565,5.914228439331055,[0.0],True,142,198,248044
syco_bullshit_v2_sw_pnf_02,persistent_minus,0,72,71,"[-1.484957218170166, 0.5203645825386047]","[-4.257821083068848, 3.2950987815856934]",-7.5542134046554565,0.0012936592102050781,"[0.0, 0.0, 0.0, 0.0, 0.0, 0.0, 0.0, 0.0, 0.0, 0.0, 0.0, 0.0, 0.0, 0.0, 0.0, 0.0, 0.0, 0.0, 0.0, 0.0, 0.0, 0.0, 0.0, 0.0, 0.0, 0.0, 0.0, 0.0, 0.0, 0.0, 0.0, 0.0, 0.0, 0.0, 0.0, 0.0, 0.0, 0.0, 0.0, 0.0, 0.0, 0.0, 0.0, 0.0, 0.0, 0.0, 0.0, 0.0, 0.0, 0.0, 0.0, 0.0, 0.0, 0.0, 0.0, 0.0, 0.0, 0.0, 0.0, 0.0, 0.0, 0.0, 0.0, 0.0, 0.0, 0.0, 0.0, 0.0, 0.0, 0.0, 0.0, 3.379399061203003]",True,71,271,2665
syco_bullshit_v2_sw_pnf_02,persistent_minus,1,1,0,"[-1.1500300168991089, -0.19060105085372925]","[-4.447057723999023, 3.1054141521453857]",-7.5542134046554565,0.0017414093017578125,[4.016230583190918],True,72,2665,11
syco_bullshit_v2_sw_pnf_02,persistent_minus,2,1,0,"[-1.85128653049469, -0.10189232230186462]","[-4.755507946014404, 2.799023151397705]",-7.5542134046554565,0.00031757354736328125,[3.5362913608551025],True,73,11,3922
syco_bullshit_v2_sw_pnf_02,persistent_minus,3,1,0,"[-1.7525367736816406, -0.7047159075737]","[-5.004096031188965, 2.5492188930511475]",-7.5542134046554565,0.0008983612060546875,[3.962907552719116],True,74,3922,3295
syco_bullshit_v2_sw_pnf_02,persistent_minus,4,1,0,"[-1.7521201372146606, -0.45097625255584717]","[-4.8822550773620605, 2.674370050430298]",-7.5542134046554565,0.0024118423461914062,[3.81062388420105],True,75,3295,17690
syco_bullshit_v2_sw_pnf_02,persistent_minus,5,1,0,"[-1.0985876321792603, -0.2263413369655609]","[-4.442637920379639, 3.112546920776367]",-7.5542134046554565,0.0009713172912597656,[4.0710248947143555],True,76,17690,11524
syco_bullshit_v2_sw_pnf_02,persistent_minus,6,1,0,"[-1.3702980279922485, -0.3860824704170227]","[-4.651860237121582, 2.900127410888672]",-7.5542134046554565,0.0022258758544921875,[4.0008625984191895],True,77,11524,17775
syco_bullshit_v2_sw_pnf_02,persistent_minus,7,1,0,"[-1.2628182172775269, -0.39916375279426575]","[-4.612778186798096, 2.946467876434326]",-7.5542134046554565,0.005032539367675781,[4.078726768493652],True,78,17775,369
syco_bullshit_v2_sw_pnf_02,persistent_minus,8,1,0,"[-1.4699121713638306, -0.49828970432281494]","[-4.757757663726807, 2.7942190170288086]",-7.5542134046554565,0.0022368431091308594,[4.008522033691406],True,79,369,524
syco_bullshit_v2_sw_pnf_02,persistent_minus,9,1,0,"[-1.631922960281372, -0.49423325061798096]","[-4.8405303955078125, 2.7146506309509277]",-7.5542134046554565,0.0009675025939941406,[3.9092953205108643],True,80,524,264
syco_bullshit_v2_sw_pnf_02,persistent_minus,10,1,0,"[-1.408154845237732, -0.7258633375167847]","[-4.843070030212402, 2.7102015018463135]",-7.5542134046554565,0.000942230224609375,[4.185534954071045],True,81,264,5129
syco_bullshit_v2_sw_pnf_02,persistent_minus,11,1,0,"[-1.240408182144165, -0.5670473575592041]","[-4.680650234222412, 2.874023914337158]",-7.5542134046554565,0.00046062469482421875,[4.191829204559326],True,82,5129,35822
syco_bullshit_v2_sw_pnf_02,persistent_minus,12,1,0,"[-1.3110729455947876, -0.2490808665752411]","[-4.555609226226807, 2.996861457824707]",-7.5542134046554565,0.0017428398132324219,[3.9537787437438965],True,83,35822,364
syco_bullshit_v2_sw_pnf_02,persistent_minus,13,1,0,"[-1.7945889234542847, -0.8482195138931274]","[-5.094817161560059, 2.456847906112671]",-7.5542134046554565,0.0025482177734375,[4.023717403411865],True,84,364,25471
syco_bullshit_v2_sw_pnf_02,persistent_minus,14,1,0,"[-1.7196619510650635, -0.6203635931015015]","[-4.946147441864014, 2.6086089611053467]",-7.5542134046554565,0.0005426406860351562,[3.9324207305908203],True,85,25471,59056
syco_bullshit_v2_sw_pnf_02,persistent_minus,15,1,0,"[-1.4926947355270386, -0.3000504672527313]","[-4.668559551239014, 2.881491184234619]",-7.5542134046554565,0.004162788391113281,[3.8727264404296875],True,86,59056,36353
syco_bullshit_v2_sw_pnf_02,persistent_minus,16,1,0,"[-1.3784830570220947, -0.11898517608642578]","[-4.528227806091309, 3.0256080627441406]",-7.5542134046554565,0.000377655029296875,[3.834318161010742],True,87,36353,26
syco_bullshit_v2_sw_pnf_02,persistent_minus,17,1,0,"[-1.5941112041473389, 0.1717851459980011]","[-4.487936019897461, 3.0668952465057373]",-7.5542134046554565,0.00061798095703125,[3.5264244079589844],True,88,26,424
syco_bullshit_v2_sw_pnf_02,persistent_minus,18,1,0,"[-1.8711345195770264, -0.4703098237514496]","[-4.943652153015137, 2.6081438064575195]",-7.5542134046554565,0.0024175643920898438,[3.7469704151153564],True,89,424,369
syco_bullshit_v2_sw_pnf_02,persistent_minus,19,1,0,"[-1.4849046468734741, -0.3604384660720825]","[-4.703052520751953, 2.8531880378723145]",-7.5542134046554565,0.0020270347595214844,[3.9180400371551514],True,90,369,264
syco_bullshit_v2_sw_pnf_02,persistent_minus,20,1,0,"[-1.7415008544921875, -0.5808559060096741]","[-4.938810348510742, 2.616628646850586]",-7.5542134046554565,0.0012254714965820312,[3.8954591751098633],True,91,264,4618
syco_bullshit_v2_sw_pnf_02,persistent_minus,21,1,0,"[-1.5483349561691284, -0.4429958462715149]","[-4.772511959075928, 2.7816052436828613]",-7.5542134046554565,9.632110595703125e-05,[3.928354024887085],True,92,4618,9826
syco_bullshit_v2_sw_pnf_02,persistent_minus,22,1,0,"[-1.759143352508545, -0.22818000614643097]","[-4.7702155113220215, 2.7845873832702637]",-7.5542134046554565,0.0005893707275390625,[3.6695141792297363],True,93,9826,14334
syco_bullshit_v2_sw_pnf_02,persistent_minus,23,1,0,"[-1.9435487985610962, -0.36355599761009216]","[-4.930769920349121, 2.623600482940674]",-7.5542134046554565,0.00015687942504882812,[3.6393959522247314],True,94,14334,1429
syco_bullshit_v2_sw_pnf_02,persistent_minus,24,1,0,"[-1.7847964763641357, -0.6655061841011047]","[-5.001861572265625, 2.5522043704986572]",-7.5542134046554565,0.00014781951904296875,[3.9198219776153564],True,95,1429,310
syco_bullshit_v2_sw_pnf_02,persistent_minus,25,1,0,"[-2.079916000366211, -0.6729848980903625]","[-5.149538993835449, 2.4022228717803955]",-7.5542134046554565,0.0024518966674804688,[3.743215560913086],True,96,310,6420
syco_bullshit_v2_sw_pnf_02,persistent_minus,26,1,0,"[-1.8008798360824585, -0.685890257358551]","[-5.020204544067383, 2.5344913005828857]",-7.5542134046554565,0.0004825592041015625,[3.9228270053863525],True,97,6420,2393
syco_bullshit_v2_sw_pnf_02,persistent_minus,27,1,0,"[-2.0411300659179688, -0.33310529589653015]","[-4.966094493865967, 2.5892016887664795]",-7.5542134046554565,0.0010824203491210938,[3.5619685649871826],True,98,2393,23285
syco_bullshit_v2_sw_pnf_02,persistent_minus,28,1,0,"[-2.0368216037750244, -0.3998943865299225]","[-4.995875835418701, 2.558992624282837]",-7.5542134046554565,0.0006551742553710938,[3.6050171852111816],True,99,23285,7739
syco_bullshit_v2_sw_pnf_02,persistent_minus,29,1,0,"[-2.1092782020568848, -0.12047469615936279]","[-4.89058780670166, 2.661405086517334]",-7.5542134046554565,0.002220630645751953,[3.3889355659484863],True,100,7739,11
syco_bullshit_v2_sw_pnf_02,persistent_minus,30,1,0,"[-1.6362507343292236, -0.055066123604774475]","[-4.622523307800293, 2.9324164390563965]",-7.5542134046554565,0.0007262229919433594,[3.638993263244629],True,101,11,524
syco_bullshit_v2_sw_pnf_02,persistent_minus,31,1,0,"[-1.1733356714248657, -0.2541518211364746]","[-4.485393047332764, 3.0639069080352783]",-7.5542134046554565,0.004913330078125,[4.038852214813232],True,102,524,310
syco_bullshit_v2_sw_pnf_02,persistent_minus,32,1,0,"[-1.853272557258606, -0.5998189449310303]","[-5.00581693649292, 2.550236701965332]",-7.5542134046554565,0.0018401145935058594,[3.839313268661499],True,103,310,10229
syco_bullshit_v2_sw_pnf_02,persistent_minus,33,1,0,"[-1.5399525165557861, -0.5980657339096069]","[-4.842404365539551, 2.7103381156921387]",-7.5542134046554565,0.0014710426330566406,[4.027107238769531],True,104,10229,2478
syco_bullshit_v2_sw_pnf_02,persistent_minus,34,1,0,"[-0.873083770275116, -0.47810304164886475]","[-4.45601749420166, 3.101505756378174]",-7.5542134046554565,0.0033097267150878906,[4.363156318664551],True,105,2478,22005
syco_bullshit_v2_sw_pnf_02,persistent_minus,35,1,0,"[-1.5893086194992065, -0.09415459632873535]","[-4.617271423339844, 2.9364492893218994]",-7.5542134046554565,0.0004930496215820312,[3.6906790733337402],True,106,22005,13
syco_bullshit_v2_sw_pnf_02,persistent_minus,36,1,0,"[-1.383493185043335, 0.3650035858154297]","[-4.285460948944092, 3.268284559249878]",-7.5542134046554565,0.00046825408935546875,[3.5363621711730957],True,107,13,50275
syco_bullshit_v2_sw_pnf_02,persistent_minus,37,1,0,"[-1.1828663349151611, -0.0815439224243164]","[-4.4079060554504395, 3.144766092300415]",-7.5542134046554565,0.0015411376953125,[3.9299252033233643],True,108,50275,11
syco_bullshit_v2_sw_pnf_02,persistent_minus,38,1,0,"[-2.3053503036499023, -0.6236908435821533]","[-5.2419915199279785, 2.3120217323303223]",-7.5542134046554565,0.0002002716064453125,[3.577221155166626],True,109,11,1017
syco_bullshit_v2_sw_pnf_02,persistent_minus,39,1,0,"[-0.9465166330337524, -0.3982381522655487]","[-4.451558589935303, 3.105700969696045]",-7.5542134046554565,0.0030460357666015625,[4.269606590270996],True,110,1017,369
syco_bullshit_v2_sw_pnf_02,persistent_minus,40,1,0,"[-1.052389144897461, -0.41948986053466797]","[-4.511806488037109, 3.0420093536376953]",-7.5542134046554565,0.00039768218994140625,[4.215958118438721],True,111,369,874
syco_bullshit_v2_sw_pnf_02,persistent_minus,41,1,0,"[-1.248138666152954, -0.5174238681793213]","[-4.659987926483154, 2.8939731121063232]",-7.5542134046554565,0.00025272369384765625,[4.156459331512451],True,112,874,9272
syco_bullshit_v2_sw_pnf_02,persistent_minus,42,1,0,"[-1.4945757389068604, -0.6433029174804688]","[-4.8491106033325195, 2.7068936824798584]",-7.5542134046554565,0.0017910003662109375,[4.0842814445495605],True,113,9272,11823
syco_bullshit_v2_sw_pnf_02,persistent_minus,43,1,0,"[-1.4994709491729736, -0.08676812052726746]","[-4.566067218780518, 2.9846715927124023]",-7.5542134046554565,0.003474712371826172,[3.739102840423584],True,114,11823,303
syco_bullshit_v2_sw_pnf_02,persistent_minus,44,1,0,"[-2.0045766830444336, -0.5800637006759644]","[-5.065953254699707, 2.4863994121551514]",-7.5542134046554565,0.0018606185913085938,[3.732865571975708],True,115,303,345
syco_bullshit_v2_sw_pnf_02,persistent_minus,45,1,0,"[-1.7577428817749023, -0.4455230236053467]","[-4.882036209106445, 2.674561023712158]",-7.5542134046554565,0.002383708953857422,[3.8038692474365234],True,116,345,4887
syco_bullshit_v2_sw_pnf_02,persistent_minus,46,1,0,"[-1.770906925201416, -0.47165340185165405]","[-4.901014804840088, 2.6551172733306885]",-7.5542134046554565,0.001918792724609375,[3.8114802837371826],True,117,4887,421
syco_bullshit_v2_sw_pnf_02,persistent_minus,47,1,0,"[-1.7648946046829224, -0.6997127532958984]","[-5.00784158706665, 2.5448362827301025]",-7.5542134046554565,0.0015354156494140625,[3.9519383907318115],True,118,421,76511
syco_bullshit_v2_sw_pnf_02,persistent_minus,48,1,0,"[-1.854953646659851, -0.3060495853424072]","[-4.857065200805664, 2.6962599754333496]",-7.5542134046554565,0.0008883476257324219,[3.6576757431030273],True,119,76511,948
syco_bullshit_v2_sw_pnf_02,persistent_minus,49,1,0,"[-1.4267289638519287, -0.2776653468608856]","[-4.6290059089660645, 2.9251692295074463]",-7.5542134046554565,3.814697265625e-05,[3.9017560482025146],True,120,948,310
syco_bullshit_v2_sw_pnf_02,persistent_minus,50,1,0,"[-1.8638520240783691, -0.6252272725105286]","[-5.022954940795898, 2.532370090484619]",-7.5542134046554565,0.0011115074157714844,[3.847893238067627],True,121,310,8385
syco_bullshit_v2_sw_pnf_02,persistent_minus,51,1,0,"[-1.412715196609497, -0.48833709955215454]","[-4.723810195922852, 2.827883243560791]",-7.5542134046554565,0.0025200843811035156,[4.037138938903809],True,122,8385,264
syco_bullshit_v2_sw_pnf_02,persistent_minus,52,1,0,"[-1.593634843826294, -0.6252698302268982]","[-4.883296966552734, 2.669015407562256]",-7.5542134046554565,0.0019011497497558594,[4.0106987953186035],True,123,264,491
syco_bullshit_v2_sw_pnf_02,persistent_minus,53,1,0,"[-1.7703936100006104, -0.5663237571716309]","[-4.946035385131836, 2.607931613922119]",-7.5542134046554565,0.0002465248107910156,[3.868126630783081],True,124,491,2193
syco_bullshit_v2_sw_pnf_02,persistent_minus,54,1,0,"[-1.569190263748169, -0.3021593987941742]","[-4.714981555938721, 2.840085983276367]",-7.5542134046554565,0.0008540153503417969,[3.8304789066314697],True,125,2193,13
syco_bullshit_v2_sw_pnf_02,persistent_minus,55,1,0,"[-1.1450880765914917, 0.020767398178577423]","[-4.338562488555908, 3.2134923934936523]",-7.5542134046554565,0.002158641815185547,[3.8902428150177],True,126,13,248046
syco_bullshit_v2_sw_pnf_02,persistent_minus,56,1,0,"[-0.8601904511451721, -0.24604319036006927]","[-4.328164100646973, 3.22360897064209]",-7.5542134046554565,0.0024404525756835938,[4.226129055023193],True,127,248046,198
syco_bullshit_v2_sw_pnf_02,persistent_minus,57,1,0,"[-2.143583297729492, -0.4270400106906891]","[-5.064603328704834, 2.491377592086792]",-7.5542134046554565,0.0017671585083007812,[3.557166576385498],True,128,198,248044
syco_bullshit_v2_sw_pnf_03,persistent_identity_minus,0,69,68,"[-1.5502445697784424, 0.38095927238464355]","[-1.5502445697784424, 0.38095927238464355]",-7.5542134046554565,5.62300968170166,"[0.0, 0.0, 0.0, 0.0, 0.0, 0.0, 0.0, 0.0, 0.0, 0.0, 0.0, 0.0, 0.0, 0.0, 0.0, 0.0, 0.0, 0.0, 0.0, 0.0, 0.0, 0.0, 0.0, 0.0, 0.0, 0.0, 0.0, 0.0, 0.0, 0.0, 0.0, 0.0, 0.0, 0.0, 0.0, 0.0, 0.0, 0.0, 0.0, 0.0, 0.0, 0.0, 0.0, 0.0, 0.0, 0.0, 0.0, 0.0, 0.0, 0.0, 0.0, 0.0, 0.0, 0.0, 0.0, 0.0, 0.0, 0.0, 0.0, 0.0, 0.0, 0.0, 0.0, 0.0, 0.0, 0.0, 0.0, 0.0, 0.0]",True,68,271,2665
syco_bullshit_v2_sw_pnf_03,persistent_identity_minus,1,1,0,"[-1.169588327407837, -0.13119915127754211]","[-1.169588327407837, -0.13119915127754211]",-7.5542134046554565,6.515824317932129,[0.0],True,69,2665,11
syco_bullshit_v2_sw_pnf_03,persistent_identity_minus,2,1,0,"[-1.5916752815246582, -0.17076057195663452]","[-1.5916752815246582, -0.17076057195663452]",-7.5542134046554565,6.133298873901367,[0.0],True,70,11,243308
syco_bullshit_v2_sw_pnf_03,persistent_identity_minus,3,1,0,"[-1.0774259567260742, -0.577081024646759]","[-1.0774259567260742, -0.577081024646759]",-7.5542134046554565,7.053868770599365,[0.0],True,71,243308,15308
syco_bullshit_v2_sw_pnf_03,persistent_identity_minus,4,1,0,"[-1.211696743965149, -0.8613238334655762]","[-1.211696743965149, -0.8613238334655762]",-7.5542134046554565,7.203840732574463,[0.0],True,72,15308,12179
syco_bullshit_v2_sw_pnf_03,persistent_identity_minus,5,1,0,"[-0.8935896754264832, -0.6750983595848083]","[-0.8935896754264832, -0.6750983595848083]",-7.5542134046554565,7.335721969604492,[0.0],True,73,12179,17887
syco_bullshit_v2_sw_pnf_03,persistent_identity_minus,6,1,0,"[-0.8108844757080078, -0.3595166504383087]","[-0.8108844757080078, -0.3595166504383087]",-7.5542134046554565,7.102845668792725,[0.0],True,74,17887,1954
syco_bullshit_v2_sw_pnf_03,persistent_identity_minus,7,1,0,"[-1.067320466041565, -0.14313998818397522]","[-1.067320466041565, -0.14313998818397522]",-7.5542134046554565,6.630033016204834,[0.0],True,75,1954,369
syco_bullshit_v2_sw_pnf_03,persistent_identity_minus,8,1,0,"[-1.199353575706482, -0.3541700541973114]","[-1.199353575706482, -0.3541700541973114]",-7.5542134046554565,6.7090301513671875,[0.0],True,76,369,264
syco_bullshit_v2_sw_pnf_03,persistent_identity_minus,9,1,0,"[-0.9347364902496338, -0.6333171129226685]","[-0.9347364902496338, -0.6333171129226685]",-7.5542134046554565,7.25279426574707,[0.0],True,77,264,30744
syco_bullshit_v2_sw_pnf_03,persistent_identity_minus,10,1,0,"[-0.7039204835891724, -0.6654948592185974]","[-0.7039204835891724, -0.6654948592185974]",-7.5542134046554565,7.5157880783081055,[0.0],True,78,30744,7059
syco_bullshit_v2_sw_pnf_03,persistent_identity_minus,11,1,0,"[-1.2257795333862305, -0.537946879863739]","[-1.2257795333862305, -0.537946879863739]",-7.5542134046554565,6.86638069152832,[0.0],True,79,7059,494
syco_bullshit_v2_sw_pnf_03,persistent_identity_minus,12,1,0,"[-1.5731579065322876, -0.6114624738693237]","[-1.5731579065322876, -0.6114624738693237]",-7.5542134046554565,6.592517852783203,[0.0],True,80,494,279
syco_bullshit_v2_sw_pnf_03,persistent_identity_minus,13,1,0,"[-1.5379741191864014, -0.5591342449188232]","[-1.5379741191864014, -0.5591342449188232]",-7.5542134046554565,6.575373649597168,[0.0],True,81,279,220
syco_bullshit_v2_sw_pnf_03,persistent_identity_minus,14,1,0,"[-1.1162803173065186, -0.37823641300201416]","[-1.1162803173065186, -0.37823641300201416]",-7.5542134046554565,6.816169738769531,[0.0],True,82,220,16
syco_bullshit_v2_sw_pnf_03,persistent_identity_minus,15,1,0,"[-1.8791708946228027, -1.0092380046844482]","[-1.8791708946228027, -1.0092380046844482]",-7.5542134046554565,6.6842803955078125,[0.0],True,83,16,24
syco_bullshit_v2_sw_pnf_03,persistent_identity_minus,16,1,0,"[-1.367496132850647, -0.5847443342208862]","[-1.367496132850647, -0.5847443342208862]",-7.5542134046554565,6.771461486816406,[0.0],True,84,24,24
syco_bullshit_v2_sw_pnf_03,persistent_identity_minus,17,1,0,"[-1.2830737829208374, -0.1623430997133255]","[-1.2830737829208374, -0.1623430997133255]",-7.5542134046554565,6.433483123779297,[0.0],True,85,24,15
syco_bullshit_v2_sw_pnf_03,persistent_identity_minus,18,1,0,"[-1.4347505569458008, -0.1893400251865387]","[-1.4347505569458008, -0.1893400251865387]",-7.5542134046554565,6.308803081512451,[0.0],True,86,15,82
syco_bullshit_v2_sw_pnf_03,persistent_identity_minus,19,1,0,"[-1.5132907629013062, 0.022136814892292023]","[-1.5132907629013062, 0.022136814892292023]",-7.5542134046554565,6.0187859535217285,[0.0],True,87,82,321
syco_bullshit_v2_sw_pnf_03,persistent_identity_minus,20,1,0,"[-1.6244341135025024, 0.3589048683643341]","[-1.6244341135025024, 0.3589048683643341]",-7.5542134046554565,5.5708746910095215,[0.0],True,88,321,682
syco_bullshit_v2_sw_pnf_03,persistent_identity_minus,21,1,0,"[-1.458320140838623, -0.08659127354621887]","[-1.458320140838623, -0.08659127354621887]",-7.5542134046554565,6.1824846267700195,[0.0],True,89,682,2496
syco_bullshit_v2_sw_pnf_03,persistent_identity_minus,22,1,0,"[-1.0598478317260742, 0.007255688309669495]","[-1.0598478317260742, 0.007255688309669495]",-7.5542134046554565,6.487110137939453,[0.0],True,90,2496,978
syco_bullshit_v2_sw_pnf_03,persistent_identity_minus,23,1,0,"[-1.3734287023544312, -0.501075029373169]","[-1.3734287023544312, -0.501075029373169]",-7.5542134046554565,6.681859970092773,[0.0],True,91,978,11205
syco_bullshit_v2_sw_pnf_03,persistent_identity_minus,24,1,0,"[-1.2723288536071777, -0.12876591086387634]","[-1.2723288536071777, -0.12876591086387634]",-7.5542134046554565,6.410650730133057,[0.0],True,92,11205,303
syco_bullshit_v2_sw_pnf_03,persistent_identity_minus,25,1,0,"[-1.7672865390777588, -0.3858450949192047]","[-1.7672865390777588, -0.3858450949192047]",-7.5542134046554565,6.17277193069458,[0.0],True,93,303,264
syco_bullshit_v2_sw_pnf_03,persistent_identity_minus,26,1,0,"[-1.5915004014968872, -0.4670015275478363]","[-1.5915004014968872, -0.4670015275478363]",-7.5542134046554565,6.429714679718018,[0.0],True,94,264,6278
syco_bullshit_v2_sw_pnf_03,persistent_identity_minus,27,1,0,"[-1.6651639938354492, -0.2590582072734833]","[-1.6651639938354492, -0.2590582072734833]",-7.5542134046554565,6.148107528686523,[0.0],True,95,6278,7072
syco_bullshit_v2_sw_pnf_03,persistent_identity_minus,28,1,0,"[-1.9063047170639038, -0.5026315450668335]","[-1.9063047170639038, -0.5026315450668335]",-7.5542134046554565,6.150540351867676,[0.0],True,96,7072,12
syco_bullshit_v2_sw_pnf_03,persistent_identity_minus,29,1,0,"[-1.7304656505584717, -0.7745026350021362]","[-1.7304656505584717, -0.7745026350021362]",-7.5542134046554565,6.598250389099121,[0.0],True,97,12,42466
syco_bullshit_v2_sw_pnf_03,persistent_identity_minus,30,1,0,"[-1.7888206243515015, -0.27763980627059937]","[-1.7888206243515015, -0.27763980627059937]",-7.5542134046554565,6.043032646179199,[0.0],True,98,42466,3746
syco_bullshit_v2_sw_pnf_03,persistent_identity_minus,31,1,0,"[-1.7707966566085815, -0.3960082530975342]","[-1.7707966566085815, -0.3960082530975342]",-7.5542134046554565,6.179425239562988,[0.0],True,99,3746,17287
syco_bullshit_v2_sw_pnf_03,persistent_identity_minus,32,1,0,"[-2.0530691146850586, -0.34275639057159424]","[-2.0530691146850586, -0.34275639057159424]",-7.5542134046554565,5.843900680541992,[0.0],True,100,17287,6302
syco_bullshit_v2_sw_pnf_03,persistent_identity_minus,33,1,0,"[-1.797263264656067, 0.12011486291885376]","[-1.797263264656067, 0.12011486291885376]",-7.5542134046554565,5.636835098266602,[0.0],True,101,6302,13
syco_bullshit_v2_sw_pnf_03,persistent_identity_minus,34,1,0,"[-1.139113426208496, 0.5826404690742493]","[-1.139113426208496, 0.5826404690742493]",-7.5542134046554565,5.832459449768066,[0.0],True,102,13,5788
syco_bullshit_v2_sw_pnf_03,persistent_identity_minus,35,1,0,"[-1.6691176891326904, -0.3825175166130066]","[-1.6691176891326904, -0.3825175166130066]",-7.5542134046554565,6.267613410949707,[0.0],True,103,5788,424
syco_bullshit_v2_sw_pnf_03,persistent_identity_minus,36,1,0,"[-1.1668269634246826, -0.6025806665420532]","[-1.1668269634246826, -0.6025806665420532]",-7.5542134046554565,6.989967346191406,[0.0],True,104,424,5891
syco_bullshit_v2_sw_pnf_03,persistent_identity_minus,37,1,0,"[-1.0963314771652222, -0.8949127793312073]","[-1.0963314771652222, -0.8949127793312073]",-7.5542134046554565,7.352794647216797,[0.0],True,105,5891,24956
syco_bullshit_v2_sw_pnf_03,persistent_identity_minus,38,1,0,"[-1.314469337463379, -0.9523972272872925]","[-1.314469337463379, -0.9523972272872925]",-7.5542134046554565,7.192141532897949,[0.0],True,106,24956,32524
syco_bullshit_v2_sw_pnf_03,persistent_identity_minus,39,1,0,"[-1.8929284811019897, -0.6326203346252441]","[-1.8929284811019897, -0.6326203346252441]",-7.5542134046554565,6.293905258178711,[0.0],True,107,32524,10616
syco_bullshit_v2_sw_pnf_03,persistent_identity_minus,40,1,0,"[-1.5629774332046509, -0.5515265464782715]","[-1.5629774332046509, -0.5515265464782715]",-7.5542134046554565,6.542762756347656,[0.0],True,108,10616,11
syco_bullshit_v2_sw_pnf_03,persistent_identity_minus,41,1,0,"[-1.4515650272369385, -0.1491546332836151]","[-1.4515650272369385, -0.1491546332836151]",-7.5542134046554565,6.251803398132324,[0.0],True,109,11,1141
syco_bullshit_v2_sw_pnf_03,persistent_identity_minus,42,1,0,"[-1.1041126251220703, -0.33423513174057007]","[-1.1041126251220703, -0.33423513174057007]",-7.5542134046554565,6.784336090087891,[0.0],True,110,1141,22373
syco_bullshit_v2_sw_pnf_03,persistent_identity_minus,43,1,0,"[-1.097294807434082, -0.09910371899604797]","[-1.097294807434082, -0.09910371899604797]",-7.5542134046554565,6.556022644042969,[0.0],True,111,22373,321
syco_bullshit_v2_sw_pnf_03,persistent_identity_minus,44,1,0,"[-1.6123050451278687, -0.33983391523361206]","[-1.6123050451278687, -0.33983391523361206]",-7.5542134046554565,6.281742095947266,[0.0],True,112,321,6639
syco_bullshit_v2_sw_pnf_03,persistent_identity_minus,45,1,0,"[-1.0864430665969849, -0.28237056732177734]","[-1.0864430665969849, -0.28237056732177734]",-7.5542134046554565,6.750141143798828,[0.0],True,113,6639,314
syco_bullshit_v2_sw_pnf_03,persistent_identity_minus,46,1,0,"[-1.5593756437301636, -0.5641174912452698]","[-1.5593756437301636, -0.5641174912452698]",-7.5542134046554565,6.558955192565918,[0.0],True,114,314,4393
syco_bullshit_v2_sw_pnf_03,persistent_identity_minus,47,1,0,"[-1.5049424171447754, -0.3674456477165222]","[-1.5049424171447754, -0.3674456477165222]",-7.5542134046554565,6.416716575622559,[0.0],True,115,4393,4257
syco_bullshit_v2_sw_pnf_03,persistent_identity_minus,48,1,0,"[-1.370944619178772, -0.31243616342544556]","[-1.370944619178772, -0.31243616342544556]",-7.5542134046554565,6.4957051277160645,[0.0],True,116,4257,1236
syco_bullshit_v2_sw_pnf_03,persistent_identity_minus,49,1,0,"[-1.3070250749588013, -0.49461352825164795]","[-1.3070250749588013, -0.49461352825164795]",-7.5542134046554565,6.741802215576172,[0.0],True,117,1236,424
syco_bullshit_v2_sw_pnf_03,persistent_identity_minus,50,1,0,"[-1.4207355976104736, -0.38524121046066284]","[-1.4207355976104736, -0.38524121046066284]",-7.5542134046554565,6.51871919631958,[0.0],True,118,424,21840
syco_bullshit_v2_sw_pnf_03,persistent_identity_minus,51,1,0,"[-1.5409088134765625, -0.26027005910873413]","[-1.5409088134765625, -0.26027005910873413]",-7.5542134046554565,6.2735748291015625,[0.0],True,119,21840,34826
syco_bullshit_v2_sw_pnf_03,persistent_identity_minus,52,1,0,"[-1.837820291519165, -0.4570382833480835]","[-1.837820291519165, -0.4570382833480835]",-7.5542134046554565,6.173431396484375,[0.0],True,120,34826,364
syco_bullshit_v2_sw_pnf_03,persistent_identity_minus,53,1,0,"[-1.9038296937942505, -0.5517057776451111]","[-1.9038296937942505, -0.5517057776451111]",-7.5542134046554565,6.202089309692383,[0.0],True,121,364,1428
syco_bullshit_v2_sw_pnf_03,persistent_identity_minus,54,1,0,"[-1.9788103103637695, -0.35071733593940735]","[-1.9788103103637695, -0.35071733593940735]",-7.5542134046554565,5.926120758056641,[0.0],True,122,1428,4722
syco_bullshit_v2_sw_pnf_03,persistent_identity_minus,55,1,0,"[-1.8623802661895752, -0.6807894706726074]","[-1.8623802661895752, -0.6807894706726074]",-7.5542134046554565,6.372622489929199,[0.0],True,123,4722,23709
syco_bullshit_v2_sw_pnf_03,persistent_identity_minus,56,1,0,"[-1.7024803161621094, -0.2532069981098175]","[-1.7024803161621094, -0.2532069981098175]",-7.5542134046554565,6.104940414428711,[0.0],True,124,23709,7463
syco_bullshit_v2_sw_pnf_03,persistent_identity_minus,57,1,0,"[-0.9376034140586853, -0.33703336119651794]","[-0.9376034140586853, -0.33703336119651794]",-7.5542134046554565,6.953643321990967,[0.0],True,125,7463,310
syco_bullshit_v2_sw_pnf_03,persistent_identity_minus,58,1,0,"[-1.727941632270813, -0.689710795879364]","[-1.727941632270813, -0.689710795879364]",-7.5542134046554565,6.515982627868652,[0.0],True,126,310,5129
syco_bullshit_v2_sw_pnf_03,persistent_identity_minus,59,1,0,"[-1.9925503730773926, -0.5485192537307739]","[-1.9925503730773926, -0.5485192537307739]",-7.5542134046554565,6.110182285308838,[0.0],True,127,5129,11567
syco_bullshit_v2_sw_pnf_03,persistent_identity_minus,60,1,0,"[-1.6867789030075073, -0.6341633796691895]","[-1.6867789030075073, -0.6341633796691895]",-7.5542134046554565,6.501597881317139,[0.0],True,128,11567,7141
syco_bullshit_v2_sw_pnf_03,persistent_identity_minus,61,1,0,"[-1.760310173034668, -0.6286990642547607]","[-1.760310173034668, -0.6286990642547607]",-7.5542134046554565,6.422602653503418,[0.0],True,129,7141,1040
syco_bullshit_v2_sw_pnf_03,persistent_identity_minus,62,1,0,"[-1.522433876991272, -0.6023172736167908]","[-1.522433876991272, -0.6023172736167908]",-7.5542134046554565,6.634097099304199,[0.0],True,130,1040,19569
syco_bullshit_v2_sw_pnf_03,persistent_identity_minus,63,1,0,"[-1.37105131149292, -0.638292670249939]","[-1.37105131149292, -0.638292670249939]",-7.5542134046554565,6.821455001831055,[0.0],True,131,19569,3017
syco_bullshit_v2_sw_pnf_03,persistent_identity_minus,64,1,0,"[-1.5191587209701538, -0.609459638595581]","[-1.5191587209701538, -0.609459638595581]",-7.5542134046554565,6.644514560699463,[0.0],True,132,3017,466
syco_bullshit_v2_sw_pnf_03,persistent_identity_minus,65,1,0,"[-1.6223070621490479, -0.7636948823928833]","[-1.6223070621490479, -0.7636948823928833]",-7.5542134046554565,6.695601463317871,[0.0],True,133,466,66200
syco_bullshit_v2_sw_pnf_03,persistent_identity_minus,66,1,0,"[-1.4895336627960205, -0.5580443739891052]","[-1.4895336627960205, -0.5580443739891052]",-7.5542134046554565,6.6227240562438965,[0.0],True,134,66200,95331
syco_bullshit_v2_sw_pnf_03,persistent_identity_minus,67,1,0,"[-1.2771120071411133, -0.2925913631916046]","[-1.2771120071411133, -0.2925913631916046]",-7.5542134046554565,6.569692611694336,[0.0],True,135,95331,13
syco_bullshit_v2_sw_pnf_03,persistent_identity_minus,68,1,0,"[-1.1963378190994263, 0.12586697936058044]","[-1.1963378190994263, 0.12586697936058044]",-7.5542134046554565,6.232008934020996,[0.0],True,136,13,248046
syco_bullshit_v2_sw_pnf_03,persistent_identity_minus,69,1,0,"[-0.8552796840667725, -0.10844889283180237]","[-0.8552796840667725, -0.10844889283180237]",-7.5542134046554565,6.807382583618164,[0.0],True,137,248046,198
syco_bullshit_v2_sw_pnf_03,persistent_identity_minus,70,1,0,"[-1.9167437553405762, -0.20990410447120667]","[-1.9167437553405762, -0.20990410447120667]",-7.5542134046554565,5.847373962402344,[0.0],True,138,198,248044
syco_bullshit_v2_sw_pnf_03,persistent_minus,0,69,68,"[-1.5502445697784424, 0.38095927238464355]","[-4.362949848175049, 3.1916277408599854]",-7.5542134046554565,0.0003643035888671875,"[0.0, 0.0, 0.0, 0.0, 0.0, 0.0, 0.0, 0.0, 0.0, 0.0, 0.0, 0.0, 0.0, 0.0, 0.0, 0.0, 0.0, 0.0, 0.0, 0.0, 0.0, 0.0, 0.0, 0.0, 0.0, 0.0, 0.0, 0.0, 0.0, 0.0, 0.0, 0.0, 0.0, 0.0, 0.0, 0.0, 0.0, 0.0, 0.0, 0.0, 0.0, 0.0, 0.0, 0.0, 0.0, 0.0, 0.0, 0.0, 0.0, 0.0, 0.0, 0.0, 0.0, 0.0, 0.0, 0.0, 0.0, 0.0, 0.0, 0.0, 0.0, 0.0, 0.0, 0.0, 0.0, 0.0, 0.0, 0.0, 3.4255640506744385]",True,68,271,2665
syco_bullshit_v2_sw_pnf_03,persistent_minus,1,1,0,"[-1.169588327407837, -0.13119915127754211]","[-4.425098419189453, 3.1277084350585938]",-7.5542134046554565,0.0014066696166992188,[3.9683403968811035],True,69,2665,799
syco_bullshit_v2_sw_pnf_03,persistent_minus,2,1,0,"[-0.9109848141670227, -0.18135550618171692]","[-4.323010444641113, 3.2302422523498535]",-7.5542134046554565,0.0009608268737792969,[4.1566948890686035],True,70,799,682
syco_bullshit_v2_sw_pnf_03,persistent_minus,3,1,0,"[-1.2574212551116943, -0.5084733963012695]","[-4.662513732910156, 2.8944501876831055]",-7.5542134046554565,0.002750396728515625,[4.147181987762451],True,71,682,16909
syco_bullshit_v2_sw_pnf_03,persistent_minus,4,1,0,"[-1.2104369401931763, -0.5091317892074585]","[-4.637389183044434, 2.916693687438965]",-7.5542134046554565,0.00013065338134765625,[4.174452781677246],True,72,16909,11205
syco_bullshit_v2_sw_pnf_03,persistent_minus,5,1,0,"[-1.699317455291748, -0.5330501794815063]","[-4.893886089324951, 2.6613545417785645]",-7.5542134046554565,0.0010271072387695312,[3.891920328140259],True,73,11205,243308
syco_bullshit_v2_sw_pnf_03,persistent_minus,6,1,0,"[-1.1408058404922485, -0.6806570291519165]","[-4.682987213134766, 2.867969036102295]",-7.5542134046554565,0.003257274627685547,[4.319479942321777],True,74,243308,15308
syco_bullshit_v2_sw_pnf_03,persistent_minus,7,1,0,"[-1.173722267150879, -0.92209392786026]","[-4.824701309204102, 2.728282928466797]",-7.5542134046554565,0.0012292861938476562,[4.447712421417236],True,75,15308,12179
syco_bullshit_v2_sw_pnf_03,persistent_minus,8,1,0,"[-0.8294766545295715, -0.6923446655273438]","[-4.536750793457031, 3.0179622173309326]",-7.5542134046554565,0.000499725341796875,[4.5185136795043945],True,76,12179,17887
syco_bullshit_v2_sw_pnf_03,persistent_minus,9,1,0,"[-0.8080587983131409, -0.4884847104549408]","[-4.423531532287598, 3.1297762393951416]",-7.5542134046554565,0.0009059906005859375,[4.406556606292725],True,77,17887,1954
syco_bullshit_v2_sw_pnf_03,persistent_minus,10,1,0,"[-1.320476770401001, -0.3125162720680237]","[-4.591217517852783, 2.961618661880493]",-7.5542134046554565,0.001377105712890625,[3.98691463470459],True,78,1954,303
syco_bullshit_v2_sw_pnf_03,persistent_minus,11,1,0,"[-1.7686983346939087, -0.5999196767807007]","[-4.961562156677246, 2.593278408050537]",-7.5542134046554565,0.0006270408630371094,[3.8901429176330566],True,79,303,264
syco_bullshit_v2_sw_pnf_03,persistent_minus,12,1,0,"[-1.6986905336380005, -0.6224886178970337]","[-4.936210632324219, 2.6170096397399902]",-7.5542134046554565,0.0009932518005371094,[3.9455506801605225],True,80,264,7072
syco_bullshit_v2_sw_pnf_03,persistent_minus,13,1,0,"[-1.9243104457855225, -0.5021236538887024]","[-4.987313270568848, 2.5653769969940186]",-7.5542134046554565,0.0015230178833007812,[3.734494209289551],True,81,7072,12
syco_bullshit_v2_sw_pnf_03,persistent_minus,14,1,0,"[-2.046963691711426, -0.8647574782371521]","[-5.23260498046875, 2.320258378982544]",-7.5542134046554565,0.00135040283203125,[3.8807525634765625],True,82,12,42466
syco_bullshit_v2_sw_pnf_03,persistent_minus,15,1,0,"[-1.8194369077682495, -0.321489155292511]","[-4.845907211303711, 2.7080869674682617]",-7.5542134046554565,0.0002193450927734375,[3.689134359359741],True,83,42466,3746
syco_bullshit_v2_sw_pnf_03,persistent_minus,16,1,0,"[-1.8380964994430542, -0.48864734172821045]","[-4.9446539878845215, 2.612119674682617]",-7.5542134046554565,0.002560138702392578,[3.7812914848327637],True,84,3746,17287
syco_bullshit_v2_sw_pnf_03,persistent_minus,17,1,0,"[-1.9003559350967407, -0.4244375228881836]","[-4.937304973602295, 2.6160593032836914]",-7.5542134046554565,0.0008492469787597656,[3.7021677494049072],True,85,17287,6302
syco_bullshit_v2_sw_pnf_03,persistent_minus,18,1,0,"[-1.665325403213501, -0.3235405683517456]","[-4.775437831878662, 2.7808539867401123]",-7.5542134046554565,0.0020780563354492188,[3.785679578781128],True,86,6302,1521
syco_bullshit_v2_sw_pnf_03,persistent_minus,19,1,0,"[-1.5606244802474976, 0.11564922332763672]","[-4.500576972961426, 3.054238796234131]",-7.5542134046554565,0.0006022453308105469,[3.5809926986694336],True,87,1521,424
syco_bullshit_v2_sw_pnf_03,persistent_minus,20,1,0,"[-1.1952670812606812, -0.44227081537246704]","[-4.597507953643799, 2.9587912559509277]",-7.5542134046554565,0.0020856857299804688,[4.144308090209961],True,88,424,369
syco_bullshit_v2_sw_pnf_03,persistent_minus,21,1,0,"[-1.099065899848938, -0.28947556018829346]","[-4.473306179046631, 3.081904888153076]",-7.5542134046554565,0.0009975433349609375,[4.109200954437256],True,89,369,264
syco_bullshit_v2_sw_pnf_03,persistent_minus,22,1,0,"[-0.9274545907974243, -0.5561067461967468]","[-4.521073341369629, 3.0336451530456543]",-7.5542134046554565,0.0005049705505371094,[4.375837326049805],True,90,264,30744
syco_bullshit_v2_sw_pnf_03,persistent_minus,23,1,0,"[-0.8253085613250732, -0.6334245204925537]","[-4.504946231842041, 3.048004388809204]",-7.5542134046554565,0.001262664794921875,[4.4840898513793945],True,91,30744,7059
syco_bullshit_v2_sw_pnf_03,persistent_minus,24,1,0,"[-1.2482880353927612, -0.4281288981437683]","[-4.618205547332764, 2.939502716064453]",-7.5542134046554565,0.003494739532470703,[4.104277610778809],True,92,7059,11
syco_bullshit_v2_sw_pnf_03,persistent_minus,25,1,0,"[-1.2331455945968628, 0.14469259977340698]","[-4.32170295715332, 3.232893466949463]",-7.5542134046554565,0.0003829002380371094,[3.76265287399292],True,93,11,524
syco_bullshit_v2_sw_pnf_03,persistent_minus,26,1,0,"[-1.2034565210342407, -0.03421362489461899]","[-4.396129608154297, 3.1587796211242676]",-7.5542134046554565,0.0006957054138183594,[3.8899154663085938],True,94,524,264
syco_bullshit_v2_sw_pnf_03,persistent_minus,27,1,0,"[-1.486348271369934, -0.3259585499763489]","[-4.683724403381348, 2.8708109855651855]",-7.5542134046554565,0.0003218650817871094,[3.8950724601745605],True,95,264,5129
syco_bullshit_v2_sw_pnf_03,persistent_minus,28,1,0,"[-1.7844653129577637, -0.2941700518131256]","[-4.81466007232666, 2.7385096549987793]",-7.5542134046554565,0.0010437965393066406,[3.69328236579895],True,96,5129,4475
syco_bullshit_v2_sw_pnf_03,persistent_minus,29,1,0,"[-1.749096393585205, -0.5141556859016418]","[-4.910382270812988, 2.6456050872802734]",-7.5542134046554565,0.001773834228515625,[3.8505475521087646],True,97,4475,5224
syco_bullshit_v2_sw_pnf_03,persistent_minus,30,1,0,"[-1.7344516515731812, -0.26584392786026]","[-4.7743425369262695, 2.7775983810424805]",-7.5542134046554565,0.0022726058959960938,[3.7057671546936035],True,98,5224,13
syco_bullshit_v2_sw_pnf_03,persistent_minus,31,1,0,"[-1.2275358438491821, 0.3961799740791321]","[-4.194288730621338, 3.362548351287842]",-7.5542134046554565,0.0026235580444335938,[3.6142497062683105],True,99,13,1394
syco_bullshit_v2_sw_pnf_03,persistent_minus,32,1,0,"[-1.4723970890045166, -0.5090161561965942]","[-4.764372825622559, 2.788179397583008]",-7.5542134046554565,0.0016613006591796875,[4.013891220092773],True,100,1394,4021
syco_bullshit_v2_sw_pnf_03,persistent_minus,33,1,0,"[-1.6569576263427734, -0.15689106285572052]","[-4.682668685913086, 2.871236562728882]",-7.5542134046554565,0.00030803680419921875,[3.687782049179077],True,101,4021,958
syco_bullshit_v2_sw_pnf_03,persistent_minus,34,1,0,"[-1.865886926651001, -0.15596404671669006]","[-4.789243698120117, 2.765131950378418]",-7.5542134046554565,0.0001621246337890625,[3.5602328777313232],True,102,958,9710
syco_bullshit_v2_sw_pnf_03,persistent_minus,35,1,0,"[-1.6040562391281128, -0.23512548208236694]","[-4.690853595733643, 2.857423782348633]",-7.5542134046554565,0.005936145782470703,[3.764272689819336],True,103,9710,45
syco_bullshit_v2_sw_pnf_03,persistent_minus,36,1,0,"[-1.73159658908844, -0.07752399891614914]","[-4.681803226470947, 2.871882915496826]",-7.5542134046554565,0.0005273818969726562,[3.593860387802124],True,104,45,310
syco_bullshit_v2_sw_pnf_03,persistent_minus,37,1,0,"[-1.6561925411224365, -0.358978271484375]","[-4.787079811096191, 2.7685494422912598]",-7.5542134046554565,0.0014157295227050781,[3.812427282333374],True,105,310,66290
syco_bullshit_v2_sw_pnf_03,persistent_minus,38,1,0,"[-1.6716597080230713, -0.5419086217880249]","[-4.883771896362305, 2.6717028617858887]",-7.5542134046554565,0.0012612342834472656,[3.914308547973633],True,106,66290,32524
syco_bullshit_v2_sw_pnf_03,persistent_minus,39,1,0,"[-2.0338070392608643, -0.5257416367530823]","[-5.055256366729736, 2.497502326965332]",-7.5542134046554565,0.0014548301696777344,[3.6822216510772705],True,107,32524,10616
syco_bullshit_v2_sw_pnf_03,persistent_minus,40,1,0,"[-1.9478061199188232, -0.2027503252029419]","[-4.854649066925049, 2.699380397796631]",-7.5542134046554565,0.00018405914306640625,[3.5386476516723633],True,108,10616,303
syco_bullshit_v2_sw_pnf_03,persistent_minus,41,1,0,"[-2.0502915382385254, -0.41116833686828613]","[-5.008089065551758, 2.5462117195129395]",-7.5542134046554565,8.726119995117188e-05,[3.6033005714416504],True,109,303,3746
syco_bullshit_v2_sw_pnf_03,persistent_minus,42,1,0,"[-1.9003437757492065, -0.30848148465156555]","[-4.881213188171387, 2.6719231605529785]",-7.5542134046554565,0.0010771751403808594,[3.6313884258270264],True,110,3746,17287
syco_bullshit_v2_sw_pnf_03,persistent_minus,43,1,0,"[-2.1510491371154785, -0.2606144845485687]","[-4.979310035705566, 2.5724387168884277]",-7.5542134046554565,0.002464771270751953,[3.4487030506134033],True,111,17287,26
syco_bullshit_v2_sw_pnf_03,persistent_minus,44,1,0,"[-1.5617026090621948, 0.4027480483055115]","[-4.359074592590332, 3.1968796253204346]",-7.5542134046554565,0.0017404556274414062,[3.4061574935913086],True,112,26,488
syco_bullshit_v2_sw_pnf_03,persistent_minus,45,1,0,"[-1.4420466423034668, -0.2470530867576599]","[-4.621720790863037, 2.931241989135742]",-7.5542134046554565,0.0012507438659667969,[3.873032808303833],True,113,488,1902
syco_bullshit_v2_sw_pnf_03,persistent_minus,46,1,0,"[-1.654862403869629, -0.2380405068397522]","[-4.719963550567627, 2.8322982788085938]",-7.5542134046554565,0.0019516944885253906,[3.7374942302703857],True,114,1902,19470
syco_bullshit_v2_sw_pnf_03,persistent_minus,47,1,0,"[-1.4493674039840698, -0.2592463195323944]","[-4.632211208343506, 2.922451972961426]",-7.5542134046554565,0.0004496574401855469,[3.877041816711426],True,115,19470,6762
syco_bullshit_v2_sw_pnf_03,persistent_minus,48,1,0,"[-1.5126142501831055, -0.674366295337677]","[-4.873117923736572, 2.6828160285949707]",-7.5542134046554565,0.001720428466796875,[4.09216833114624],True,116,6762,678
syco_bullshit_v2_sw_pnf_03,persistent_minus,49,1,0,"[-1.5940228700637817, -0.4709998071193695]","[-4.809946060180664, 2.745361804962158]",-7.5542134046554565,0.0010943412780761719,[3.918297052383423],True,117,678,1765
syco_bullshit_v2_sw_pnf_03,persistent_minus,50,1,0,"[-1.6717042922973633, -0.4037266671657562]","[-4.816699981689453, 2.738851547241211]",-7.5542134046554565,0.0013380050659179688,[3.83015775680542],True,118,1765,11567
syco_bullshit_v2_sw_pnf_03,persistent_minus,51,1,0,"[-1.651016116142273, -0.6807899475097656]","[-4.939299583435059, 2.6139957904815674]",-7.5542134046554565,0.0009183883666992188,[4.010176181793213],True,119,11567,18910
syco_bullshit_v2_sw_pnf_03,persistent_minus,52,1,0,"[-1.542112946510315, -0.6369337439537048]","[-4.870975017547607, 2.685555934906006]",-7.5542134046554565,0.0023174285888671875,[4.05178689956665],True,120,18910,310
syco_bullshit_v2_sw_pnf_03,persistent_minus,53,1,0,"[-2.036545515060425, -0.6084349155426025]","[-5.095369338989258, 2.455026626586914]",-7.5542134046554565,0.0038175582885742188,[3.729475975036621],True,121,310,61265
syco_bullshit_v2_sw_pnf_03,persistent_minus,54,1,0,"[-2.122598648071289, -0.36321187019348145]","[-5.022853851318359, 2.533116102218628]",-7.5542134046554565,0.0017566680908203125,[3.5310850143432617],True,122,61265,24438
syco_bullshit_v2_sw_pnf_03,persistent_minus,55,1,0,"[-1.5679826736450195, -0.27642083168029785]","[-4.7008585929870605, 2.853649139404297]",-7.5542134046554565,0.0002942085266113281,[3.8151769638061523],True,123,24438,18336
syco_bullshit_v2_sw_pnf_03,persistent_minus,56,1,0,"[-1.8367542028427124, -0.5767742395401001]","[-4.985745429992676, 2.5691208839416504]",-7.5542134046554565,0.0006527900695800781,[3.8346197605133057],True,124,18336,7890
syco_bullshit_v2_sw_pnf_03,persistent_minus,57,1,0,"[-1.9970046281814575, -0.64247065782547]","[-5.10050630569458, 2.454636573791504]",-7.5542134046554565,0.0009293556213378906,[3.777219772338867],True,125,7890,440
syco_bullshit_v2_sw_pnf_03,persistent_minus,58,1,0,"[-1.9422545433044434, -0.7259601354598999]","[-5.112280368804932, 2.4422550201416016]",-7.5542134046554565,0.0003218650817871094,[3.861013412475586],True,126,440,264
syco_bullshit_v2_sw_pnf_03,persistent_minus,59,1,0,"[-2.0399489402770996, -0.6316978335380554]","[-5.108748435974121, 2.442124366760254]",-7.5542134046554565,0.0033407211303710938,[3.7418746948242188],True,127,264,41042
syco_bullshit_v2_sw_pnf_03,persistent_minus,60,1,0,"[-2.0209927558898926, -0.39989161491394043]","[-4.988287925720215, 2.566606044769287]",-7.5542134046554565,0.0006804466247558594,[3.614655017852783],True,128,41042,10485
syco_bullshit_v2_sw_pnf_03,persistent_minus,61,1,0,"[-2.2019670009613037, -0.20194272696971893]","[-4.977778911590576, 2.5746731758117676]",-7.5542134046554565,0.0017614364624023438,[3.382352113723755],True,129,10485,13
syco_bullshit_v2_sw_pnf_03,persistent_minus,62,1,0,"[-1.5748295783996582, 0.21400398015975952]","[-4.456888675689697, 3.097360134124756]",-7.5542134046554565,3.528594970703125e-05,[3.512084484100342],True,130,13,248046
syco_bullshit_v2_sw_pnf_03,persistent_minus,63,1,0,"[-0.8395940661430359, -0.19347414374351501]","[-4.292830467224121, 3.2607243061065674]",-7.5542134046554565,0.0006589889526367188,[4.207733631134033],True,131,248046,198
syco_bullshit_v2_sw_pnf_03,persistent_minus,64,1,0,"[-2.0035789012908936, -0.17946955561637878]","[-4.863579273223877, 2.6880030632019043]",-7.5542134046554565,0.0026311874389648438,[3.488996982574463],True,132,198,248044
